shift_id,category,note
S100737,relief_no_show,Next shift guard did not pitch. Had to cover.
S106900,relief_no_show,client signed for the extra hrs but real reason is relief no show again
S108361,equipment_failure,"masjien is stukkend, alles met die hand gedoen"
S100877,equipment_failure,"generator fault, stayed to monitor"
S108162,client_requested,"client asked us to stay for the delivery, ok'd by centre mgmt"
S102786,colleague_sick_or_leave,Covering for Mahlangu - booked off sick
S107007,nothing_useful,
S106106,late_handover,shift handover delayed by 30 min
S106463,relief_no_show,double shift because relief never pitched
S102332,relief_no_show,double shift because relief never pitched
S108056,relief_no_show,Nexxt shift guuard did not pitch. Had to cover.
S103439,relief_no_show,"no replacement sent, ngicela sort this out"
S100571,relief_no_show,relief no show AGAIN
S101332,late_handover,"handover late again, keys missing"
S107753,relief_no_show,"no replacement sent, ngicela sort this out.."
S106253,client_requested,Client requested deep clean before the audit - approved
S100168,nothing_useful,all fine
S104252,nothing_useful,sharp
S103008,late_handover,"oorhandiging was laat, gewag vir sleutels"
S105453,nothing_useful,akukho lutho
S106113,client_requested,etra hours approved by client for the event setup
S106907,late_handover,"oorhandiging was laat, gewag vir sleutels"
S106876,late_handover,"oorhandiging was laat, gewag vir sleutels"
S105345,relief_no_show,"next shift akafikanga, ngihlale kuze kube 06h00"
S106814,colleague_no_show,"Mabaso didnt come in, covered the post"
S109082,late_handover,"hanodver late again, keys missing"
S107738,late_handover,"waited 50 min for handover, OB book not signed"
S107339,client_requested,"additional cover requested by site manager, signed off"
S100205,nothing_useful,no issues on site
S108984,colleague_sick_or_leave,Covering for Pillay - booked off sick
S104765,late_handover,"waited 50 min for handover, ob book not signed"
S102055,colleague_no_show,"covering Wyk post, no show no call"
S101825,late_handover,"late handover, waiting on paperwork"
S102559,nothing_useful,no incidents
S106334,client_requested,Client asked for extra patrol aftter the break-in Tuesday
S101061,client_requested,"stocktake ran over, client asked us to remain, they know they pay for it"
S108139,client_requested,"client asked us to stay for the delivery, ok'd by centre mgmt"
S106859,nothing_useful,fine
S103877,nothing_useful,sharp
S103656,colleague_sick_or_leave,"DOUBLE DUTY TODAY, FOURIE ON FAMILY RESPONSIBILITY LEAVE"
S105093,client_requested,"client asked us to stay for the delivery, ok'd by centre mgmt.."
S105680,client_requested,"client wanted extra man on the gate for the event, approved"
S101121,nothing_useful,niks om te rapporteer nie
S108690,nothing_useful,no incidents
S105807,client_requested,klient het ekstra ure gevra vir stockake
S105217,late_handover,shift handover delayed by 25 min
S105371,nothing_useful,ok
S106224,colleague_sick_or_leave,"gedek vir Adams, siek gemeld"
S108070,stood_in_unspecified,stood in for Radebe
S104308,relief_no_show,Next shift guard did not pitch. Had to cover
S105062,nothing_useful,quiet shift
S101434,equipment_failure,"scrubber broke down, had to do the floor manually.."
S103671,colleague_sick_or_leave,Covering for September - booked off sick..
S108354,colleague_sick_or_leave,"gedek vir Tshabaala, siek gemeld"
S108267,client_requested,Centre mgr requested additionaal cover for stocktake
S108389,client_requested,"requested by centre management for load in, signed off"
S103433,client_requested,"stocktake ran over, client asked us to remain, they know they pay for it"
S106978,relief_no_show,"next shift akafikanga, ngihlale kuze kube six"
S106245,nothing_useful,sharp
S106878,colleague_no_show,"September didt come in, covered the post"
S104428,client_requested,"stocktake ran over, client asked us to remain, thhey know they pay for it"
S102342,nothing_useful,.
S105877,nothing_useful,all good
S106936,nothing_useful,ok
S107938,late_handover,"late handover, waiting on paperwork"
S108000,late_handover,"handover late agn, keys missing.."
S103399,nothing_useful,ntr
S101233,stood_in_unspecified,"took Jacobs shift as well, 2 posts 1 guard"
S101223,client_requested,Client requested deep clean before the audit - approved
S105661,relief_no_show,double shift because relief never pitched
S108187,late_handover,"oorhandiging was laat, gewag vir sletuels !"
S106210,nothing_useful,all good
S104295,equipment_failure,"machine down again, took twice as long"
S101088,equipment_failure,"scrubber broke down, had to do the floor manualyl"
S104328,client_requested,Centre manager requested additional cover for stocktake
S101143,client_requested,extra hours approved by client for the event seup
S107378,nothing_useful,n/a
S109333,equipment_failure,"lift out of order, everything carried up stairs, took long"
S106514,late_handover,shift handover delayed by 25 min
S101642,client_requested,Client requested deep clean before the audit - approved
S100593,stood_in_unspecified,"took fourie shift as wll, 2 posts 1 guard"
S105147,client_unconfirmed,"client says stay till 06:00, dont know if office approved"
S105777,client_requested,"client asked us to stay for the delivery, ok'd by centre mgmt"
S103083,relief_no_show,"still on site, relief was suppose to come 0600"
S107881,client_requested,Client requested deep clean before the audit - approved
S100164,colleague_no_show,"uFouire akezanga namhlanje, ngimele yena"
S106903,relief_no_show,relief no show AGAIN
S106247,relief_no_show,next shift guard did not pitch. had to cover
S108878,late_handover,"handover late again, keys missing"
S102888,colleague_sick_or_leave,"double duty today, Mahlangu on family responsibility leave"
S107172,nothing_useful,nothing to report
S105907,stood_in_unspecified,stood in for Mthembu
S107272,relief_no_show,"aflos het nie opgedaag nie, moes aanbly"
S107719,stood_in_unspecified,Covered for Motaung again - 3rd time this month
S107751,colleague_no_show,"September didnt come in, covered the post !"
S100406,nothing_useful,as per normal
S101019,late_handover,"late handover, waiting on paperwork"
S104171,client_requested,"requested by centre management for load in, signed off"
S100329,relief_no_show,client signed for the extra hours but real reason is relief no show again
S104084,late_handover,"late handover, waiting on paperwork"
S105455,colleague_sick_or_leave,Covering for Mahlangu - booked off sick
S104307,client_requested,"requested by centre management for load in, signed off"
S107353,nothing_useful,nothing to report
S105081,relief_no_show,"control room says relief coming, nobody came"
S104524,nothing_useful,all quiet
S106429,late_handover,shift handover delayed by 30 min
S103630,colleague_no_show,"Botha absent, took her rounds as well"
S101912,colleague_no_show,"covering khumalo post, no show no call"
S106449,client_requested,client requested deep clean before the audit - approved !
S102915,colleague_sick_or_leave,"worked through, Baloyi at the clinic"
S108089,relief_no_show,"conntrol room says relief coming, nobody came"
S100063,colleague_no_show,"Botha didnt come in, covered the post"
S109151,nothing_useful,no incidents
S105810,stood_in_unspecified,covered for mauel again - 3rd time this month
S100324,relief_no_show,"still on site, relief was suppose to come 06:00"
S108372,colleague_sick_or_leave,"worked through, Sibiya at the clinic.."
S104893,late_handover,"waited 20 min for handover, OB book not signed"
S106412,colleague_no_show,"uTshabalala akezanga namhlanje, ngimele yena"
S106153,stood_in_unspecified,stood in for Pillay..
S107045,relief_no_show,relief no show AGAIN
S104802,client_requested,"extra patrol per client email, approved by office"
S108282,client_requested,klient het ekstra ure gevra vir stocktake
S103468,late_handover,"waited 25 min for handover, OB book not signed"
S100592,client_requested,"client asked us to stay for the delivery, ok'd by centre mgmt"
S104639,client_requested,"additional cover requested by site mgr, signed off"
S106391,nothing_useful,akukho lutho
S102310,nothing_useful,.
S108259,equipment_failure,"gate motor failed, manned it by hand till 6"
S107682,nothing_useful,-
S106087,relief_no_show,"relief only arrived 06h00, stayed until then"
S101617,nothing_useful,
S103563,nothing_useful,sharp
S107432,nothing_useful,ntr
S105979,nothing_useful,fine
S107340,colleague_sick_or_leave,Covering for Mahlangu - bookked off sick
S103376,client_requested,"client wanted extra man on the gate for the event, approved"
S107293,relief_no_show,"relief never arrived, stayed on till 6"
S100954,nothing_useful,ok
S101549,late_handover,"handover late agn, keys missing"
S100624,nothing_useful,akukho lutho
S100926,colleague_no_show,"covering Hendricks pos, no show no call"
S103528,client_requested,Centre mgr requested additional cover for stocktake
S107844,client_requested,Clint requested deep clean before the audit - approved
S106119,colleague_no_show,"uMolefe akezanga namhlanje, ngimele yena"
S101874,relief_no_show,"no replacement sent, ngicela sort this out"
S107803,nothing_useful,fine
S105335,client_requested,client asked for extra patrol after the break-in tueesday
S107833,late_handover,"oorhandiging was laa, gewag vir sleutels"
S108358,stood_in_unspecified,"took Motaung shift as well, 2 posts 1 guard"
S101505,nothing_useful,
S106236,client_requested,extra hours approved by clent for the event setup
S101047,client_requested,Centre manager requested additional cover for stocktake
S109288,nothing_useful,all quiet
S104123,nothing_useful,nothing to report
S108613,late_handover,"oorhandiging was laat, gewag vir sleutels"
S103780,nothing_useful,nothing to report
S109338,relief_no_show,relief no show again
S106991,client_requested,"client asked us to stay for the delivery, ok'd by cnetre mgmt"
S108913,relief_no_show,double shift bc relief never pitched
S101184,late_handover,shift handover delayed by 25 min
S101387,colleague_sick_or_leave,"gedek vir Adaams, siek gemeld"
S108219,nothing_useful,nothing to report
S101599,relief_no_show,client signed for the extra hours but real reason is relief no show agin
S106262,colleague_no_show,"covering Molefe post, no sow no call.."
S102769,nothing_useful,n/a
S109299,colleague_no_show,"Hendricks didnt come in, coevred the post"
S101576,late_handover,"waited 30 min for handover, OB book not signed !"
S104408,colleague_no_show,"ugNcobo akezanga namhlanje, ngimele yena"
S102020,stood_in_unspecified,"took Wyk shift as well, 2 posts 1 guard"
S105189,client_requested,CLIENT REQUESTED DEEP CLEAN BEFORE THE AUDIT - APPROVED
S101875,late_handover,shift handover delayed by 30 min
S103448,colleague_no_show,"Mokoena didnt come in, covered the pst"
S104440,relief_no_show,"waited for relief, nobody came through"
S103026,relief_no_show,relief no shwo AGAIN
S100892,colleague_no_show,"uJacobs akezanga namhlanje, ngimele yena.."
S107877,late_handover,shift handover delayed by 45 min
S108492,nothing_useful,fine
S107113,late_handover,"handover late again, keys missing"
S104838,client_unconfirmed,"cllient says stay till 06h00, dont know if office approved"
S104527,stood_in_unspecified,Covreed for Mabaso agn - 3rd time this month
S106371,colleague_sick_or_leave,"double duty today, Dlamini on family responsibility leave"
S108108,relief_no_show,"aflos het nie opgedaag nie, moes aanbly"
S102956,late_handover,"late handover, waiting on paperwork.."
S101752,colleague_sick_or_leave,"gedek vir Maluleke, siek gemeld"
S103686,relief_no_show,"relief never arrived, stayed on till 06h00"
S104188,stood_in_unspecified,"TOOK SIBIYA SHIFT AS WELL, 2 POSTS 1 GUARD"
S107471,nothing_useful,.
S107963,colleague_no_show,"Sithole absent, took her rounds as well.."
S101906,equipment_failure,"scrubber broke down, had to do the flooor manually"
S102383,client_requested,"client wanted extra man on the gate for the event, appoved"
S104172,equipment_failure,"generator fault, stayed to monitor"
S108025,relief_no_show,"reliief only arrived 06:00, stayed until then"
S109329,client_unconfirmed,"client says stay till 6am, dont kow if office approved"
S103063,stood_in_unspecified,"took Wyk shift as well, 2 posts 1 guard"
S100422,colleague_sick_or_leave,mavuso off sick. again. covered.
S107743,colleague_sick_or_leave,"gedek vir Khumalo, siek gemeld !"
S100921,nothing_useful,as per normal
S108442,late_handover,"oorhandiging was laat, gewag vir sleutels"
S107824,client_requested,Centre manager requested additional cover for stocktake
S106793,relief_no_show,client signed for the extra hours but real reason is relief no show agn..
S101513,stood_in_unspecified,"TOOK BOTHA SHIFT AS WELL, 2 POSTS 1 GUARD"
S102046,client_requested,"client wanted extra man on the gate for the event, approved"
S108952,late_handover,"handover late again, keys missign"
S105999,stood_in_unspecified,stood in for Ndlovu
S103398,relief_no_show,"control room syas relief coming, nobody came"
S102032,equipment_failure,"machine down again, took twice as long.."
S108170,equipment_failure,"lift out of order, everything carried up stairs, took long"
S103186,late_handover,"waited 45 min for handover, ob book not signed"
S103258,nothing_useful,n/a
S102514,colleague_no_show,"maluleke absent, took her rounds as well"
S101242,client_requested,extra hours approved by cliennt for the event setup
S103855,late_handover,"oorhandiging was laat, gewag vir sleutels"
S107720,equipment_failure,"machine down again, took twce as long"
S104067,nothing_useful,sharp
S105344,colleague_no_show,"covering Mokoena post, no show no call"
S100153,equipment_failure,"buffer machine kaput, did the floor by hand"
S100195,client_requested,"additional cover requuested by site maanger, signed off"
S100504,nothing_useful,quiet shift
S107445,stood_in_unspecified,"toko Fourie shift as well, 2 posts 1 guard"
S105589,client_requested,extra hours approoved by clinet for the event setup
S104419,late_handover,shift handover delayed by 25 min !
S107473,colleague_sick_or_leave,"wroked through, naidoo at the clinic"
S101083,nothing_useful,quiet shift
S100377,equipment_failure,"masjien is stukkend, alles met die hand gedoen"
S102826,nothing_useful,n/a
S100391,relief_no_show,"aflos het nie opgedaag nie, moes aabnly"
S108328,colleague_no_show,"covering Jacobs post, no show no call"
S100618,nothing_useful,nothing to report
S107742,relief_no_show,"control room says relief coming, nobdoy came"
S104637,client_requested,extra hours approved by client for the event setup
S100893,equipment_failure,"buffer machine kaput, did the floor by hand.."
S104125,relief_no_show,"waited for relief, nobody came through"
S103628,client_requested,extra hrs approved by client for the event setup
S106131,client_requested,extra hrs approved by client for the event setup
S107763,nothing_useful,no incidents
S107745,client_requested,"requested by centre management for load in, signed off !"
S106445,relief_no_show,no relief. stayed. someone must please sort the roster..
S106151,late_handover,shift handover delayed by 50 min
S103016,nothing_useful,ok
S104630,equipment_failure,"lift out of order, everything carried up stairs, took long"
S104543,client_requested,exra hours approved by client for the event setup
S104784,equipment_failure,"machine down agn, took twice as long.."
S101584,client_requested,Client requested deep clean before the audit - approved
S107058,relief_no_show,"control room says relief coming, nobody came"
S100599,colleague_sick_or_leave,"double duty today, jacobs on family responsibility leave"
S106491,client_requested,Client asked for extra patrol after the break-in Tuesday
S108623,relief_no_show,"nxt shift akafikanga, ngihlale kuze kube 0600"
S108587,colleague_sick_or_leave,"worked through, september at the clinic"
S107327,relief_no_show,no relief. staye. someone must pleease sort the roster !
S109285,late_handover,shift handover delayed by 30 min
S104563,late_handover,shift handover delayed by 30 min
S101903,nothing_useful,no incidents
S104534,stood_in_unspecified,"took Wyk shift as well, 2 posts 1 guard.."
S100693,late_handover,"handover late agn, keys missing !"
S102396,relief_no_show,"next shift akafikanga, ngihlale kuze kube 06h00"
S108862,client_requested,"stocktake ran over, client asked us to remain, they know they pay for it"
S106564,client_requested,centre manager requested additional cover for stocktake
S101591,colleague_no_show,"uAdams akezanga namhlanje, ngimele yena"
S107632,late_handover,shift handover delayed by 40 min
S107123,late_handover,"oorhandiging was laat, geewag vir sleutels"
S100716,colleague_sick_or_leave,Botha off sick. again. covered
S106552,colleague_sick_or_leave,Covering for Khumalo - booked off sick
S108889,equipment_failure,"masjien is stukkend, alles met die hand gedoen"
S100160,relief_no_show,"aflos het nie opgedaag nie, moes aanbly"
S108113,client_requested,"client wanted extra man on the gate for the event, approved"
S104315,stood_in_unspecified,Covered for Zulu agn - 3rd time this month
S100588,late_handover,"oorhandiging was laat, gewag vir sletuels"
S106213,colleague_no_show,"Radebe didnt come in, covered the post"
S102110,client_unconfirmed,"client says stay till 0600, dont know if office approved"
S103965,colleague_no_show,"Mavuso didnt come in, covered the post"
S102765,equipment_failure,"buffer mcahine kaput, did the floor by hand.."
S102065,client_requested,"CLIENT ASKED US TO STAY FOR THE DELIVERY, OK'D BY CENTRE MGMT"
S108797,client_requested,Client requested deep clean before the audit - approved
S100570,nothing_useful,no incidents
S106130,client_requested,extra hours approved by client for the event setup
S105900,colleague_no_show,"covering Maluleke post, no show no call"
S100159,equipment_failure,"lift out of order, everything carried up stairs, took long"
S107412,client_requested,Client requested deep clean before the audit - approved
S104919,relief_no_show,double shift bc relief never pitched
S104519,equipment_failure,"SCRUBBER BROKE DOWN, HAD TO DO THE FLOOR MANUALLY"
S104625,equipment_failure,"scrubber broke down, had to do the floor manually"
S104230,colleague_no_show,"HENDRICKS DIDNT COME IN, COVERED THE POST"
S107710,equipment_failure,"buffer machine kaput, did the floor by hand.."
S107512,nothing_useful,no issues on site
S107337,relief_no_show,next shift guard did not pitch. had to cover.
S109128,nothing_useful,sharp
S104122,nothing_useful,-
S100731,late_handover,"late handover, waiting on paperwork"
S107041,client_unconfirmed,"client says stay till 0600, dont know if offcie approved"
S107057,nothing_useful,no incidents
S108017,relief_no_show,"relief only arrived six, stayed until thhen"
S100815,nothing_useful,
S105108,equipment_failure,"buffer machine kaput, did the floor by hand"
S104091,colleague_sick_or_leave,"double duty today, Ngcobo on family responsibility leave"
S105998,nothing_useful,sharp
S106138,relief_no_show,"relief only arrived 06:00, stayed until then"
S103597,colleague_no_show,"covering Molefe post, no show no call.."
S107765,relief_no_show,no relief. stayed. someone must please sort the roster
S102732,stood_in_unspecified,stood in for Khumalo
S100013,relief_no_show,"no replacement sent, ngicela sort this out"
S107891,colleague_no_show,"covering Radebe post, no show no call"
S104320,relief_no_show,client signed for the extra hrs but real reason is relief no show again
S103450,client_requested,"client wanted extra man on the gate for the event, approved"
S105833,client_requested,Centre manager requested additional cover for stocktake..
S107430,equipment_failure,"buffer machine kaput, did the floor by hand"
S105324,late_handover,"waited 20 min for handover, OB book not signed"
S101068,colleague_no_show,"mavuso didnt come in, covered the post"
S103089,stood_in_unspecified,"took Mavuso shift as well, 2 posts 1 guard"
S106346,client_unconfirmed,"CLIET SAYS STAY TILL 0600, DONT KNOW IF OFFICE APPROVED"
S100845,nothing_useful,n/a
S101082,nothing_useful,-
S102397,relief_no_show,"relief oly arrived six, stayed until then"
S101577,client_requested,"stocktake ran over, client asked us to remain, they know they pay for it"
S103386,nothing_useful,akukho lutho
S100261,client_requested,"extra patrol per client email, approved by office"
S108560,colleague_no_show,"Motaung absent, took her rounds as well"
S100346,equipment_failure,"gate motor faled, manned it by hand till 06h00"
S107758,relief_no_show,"waited for relief, nobody came through"
S103760,relief_no_show,client signed for the extra hours but real reason is relief no show agn
S105632,late_handover,"late handover, waiting on paperwork"
S102162,nothing_useful,quiet shift
S106556,equipment_failure,"gate motor failed, manned it by hand till six"
S106150,colleague_sick_or_leave,"DOUBLE DUTY TODAY, WYK ON FAMILY RESPONSIBILITY LEAVE"
S104946,nothing_useful,ok
S109135,late_handover,"late handover, waiting on paperwork"
S107358,client_requested,"extra patrool per client email, approved by office"
S108965,client_unconfirmed,"client says stay till six, dont know if office approved"
S107557,colleague_sick_or_leave,Balloyi off sick. agn. covered
S102889,client_unconfirmed,"client says stay till 6am, dont know if office approved"
S101114,client_requested,klient het ekstra ure gevra vir stocktake !
S104158,client_unconfirmed,"client says say till 6am, dont know if office approved"
S108836,relief_no_show,"waited for relief, nobody came through"
S103378,late_handover,"handover laet agn, keys missing"
S108174,late_handover,shift handover delayed by 20 min..
S102121,nothing_useful,akukho lutho
S106272,client_requested,"additional cover requested by site manager, signed off"
S102883,client_requested,"client asked us to stay for the delivery, ok'd by centre mgmt"
S104413,colleague_sick_or_leave,"double duty today, Zulu on family responsibility leave"
S102630,stood_in_unspecified,"took dlamini shift as well, 2 posts 1 guard"
S103206,stood_in_unspecified,stood in for Fourie
S103609,colleague_sick_or_leave,"gedek vir Ndlovu, siek gemeld"
S103551,client_requested,CLIETN ASKED FOR EXTRA PATROL AFTER THE BREAK-IN TUESDAY
S107118,client_requested,klient het ekstra ure gevra vir stocktake
S107491,colleague_sick_or_leave,zulu off sick. again. coveered.
S103775,equipment_failure,"scrubber broke down, had to do the floor manually.."
S104429,colleague_no_show,"Septeember didnt come in, covered the post"
S104005,colleague_no_show,"Mabaso didnt come in, covered the post"
S102885,nothing_useful,sharp
S106574,nothing_useful,ntr
S104365,client_requested,"additional cover requested by site mgr, signed off"
S105303,client_requested,extra hours approved by client for the event setup
S102254,client_unconfirmed,"client says stay till 6, dont know if office approved"
S102028,client_requested,"stocktake ran over, client asked us to reemain, they know they pay for it"
S107739,client_requested,klient het ekstra ure gevra vir stocktake..
S100313,equipment_failure,"generator fault, stayed to monitor"
S105239,equipment_failure,"scrubber broke down, had to do the floor manually"
S101500,colleague_no_show,"Sithole absent, took her rounds as well"
S109296,relief_no_show,"NEXT SHIFT AKAFIKANGA, NGIHLALE KUZE KUBE 0600.."
S109301,stood_in_unspecified,"took Wyk shift as well, 2 posts 1 gard.."
S102605,nothing_useful,n/a
S103931,nothing_useful,niks om te rapporteer nie
S102420,late_handover,"oorhandiging was laat, gewag vir sleutels"
S108871,client_requested,Client askeed for extra patrol afetr the break-in Tuesday
S105150,nothing_useful,-
S106438,stood_in_unspecified,stood in for Mabaso
S102631,relief_no_show,"NEXT SHIFT AKAFIKANGA, NGIHLALE KUZE KUBE 06:00"
S105083,client_requested,"additional cover requested by site manager, signed off"
S108286,equipment_failure,"masjien is stukkend, alles met die hand gedoen"
S101325,client_requested,klient het ekstra ure gevra vir stocktake !
S108195,relief_no_show,"relief never arrived, stayed on till 6am"
S104015,colleague_no_show,"covering Motaung post, no show no caall"
S102989,late_handover,"handover late agn, keys missing"
S108078,relief_no_show,Next shift guard did not pitch. Had to covr.
S106439,colleague_sick_or_leave,"double duty today, Sithole on family responsibility leave"
S101779,late_handover,"late handover, waiting on paperwork"
S101122,colleague_sick_or_leave,PILLAY OFF SICK. AGN. COVERED !
S102228,stood_in_unspecified,stood in for Fourie
S100554,client_requested,Centre manager requested addtional cover for stocktake..
S108850,nothing_useful,.
S106565,nothing_useful,ok
S109287,late_handover,"waited 25 min for handover, OB book not signed.."
S108347,nothing_useful,n/a
S107387,stood_in_unspecified,"took naidoo shift as well, 2 posts 1 guard.."
S106396,client_requested,Client asked for extra patrol after the break-in Tuesday..
S100905,nothing_useful,quiet shift
S100333,colleague_sick_or_leave,"geddek vir Mabaso, siek gemeld.."
S103806,colleague_sick_or_leave,Ndlovu off sick. aggn. covered
S103850,nothing_useful,no issues on site
S101502,client_requested,"additional cover requested by site manager, signed off"
S106645,client_requested,client asked for extra patrol after the break-in tuesday
S104103,colleague_no_show,"Pillay absent, took her rounds as well"
S102856,nothing_useful,niks om te rapporteer nie
S101331,relief_no_show,"no replacement sent, ngicela sort this out.."
S108104,equipment_failure,"masjien is stukkend, alles met die hand gedoen"
S102307,colleague_sick_or_leave,"double duty today, Maluleke on family responsibility leave"
S102886,stood_in_unspecified,"took Adams shift as well, 2 posts 1 guard.."
S106107,equipment_failure,"machine down again, took twice as long"
S104337,client_requested,"requested by centre management for load in, signed off"
S106848,nothing_useful,no issues on site
S103166,nothing_useful,ok
S103384,equipment_failure,"generator fault, stayed to monitor"
S100022,client_requested,Client rquested deep clean before the audit - approved
S109118,equipment_failure,"buffer machine kaput, did the floor by hand"
S103269,nothing_useful,all good
S100388,client_requested,"additional cover requested by site manager, signed off"
S103014,colleague_no_show,"Sithole absent, took her rounds as well"
S103608,relief_no_show,"aflos het nie opgedaag nie, moes aanbly"
S104501,nothing_useful,all fine
S103366,nothing_useful,quiet shift
S101518,late_handover,"waited 30 min for handover, ob book not signed"
S102859,equipment_failure,"scrubber broke down, had to do the floor manually"
S106529,client_requested,"client asked us to stay for the delivery, ok'd by centre mgmt"
S104422,nothing_useful,all fine
S100738,relief_no_show,double shift bc relief never pitched
S102143,nothing_useful,ok
S101484,late_handover,"waited 45 min for handover, OB book not signed"
S105299,nothing_useful,n/a
S100204,nothing_useful,all good
S105768,client_requested,client asked for extra patrol after the break-in tuesday
S107100,nothing_useful,n/a
S106646,client_requested,client requested deep clean befroe the audit - approved
S104821,late_handover,"oorhandiging was lat, gewag vir sleutels"
S101034,nothing_useful,no issues on site
S103226,client_requested,Client requested deep clean before the audit - approved..
S106671,client_requested,"requested by centre management for load in, signed off"
S109348,relief_no_show,client signed for the extra hours but real reason is relief no show agn
S105269,colleague_no_show,"covering Sibiya post, no show no call"
S103800,nothing_useful,nothing to report
S108275,relief_no_show,relif no show AGAIN
S102865,client_requested,Client asked for extra patrol after the break-in Tuesday
S102439,nothing_useful,all good
S107217,equipment_failure,"buffer machine kaput, did the floor by hand"
S102952,nothing_useful,ntr
S108076,client_requested,"CLIENT ASKED US TO STAY FOR THE DELIVERY, OK'D BY CENTRE MGMT"
S100629,stood_in_unspecified,COVERED FOR WYK AGAIN - 3RD TIME THIS MONTH
S108051,equipment_failure,"masjien is stukkend, alles met die hand gedoen"
S108033,relief_no_show,Next shift guard did not pitch. Had to cover.
S108562,colleague_sick_or_leave,Covering for Adams - booked off sick
S104862,late_handover,"handover late again, keys missing"
S102855,relief_no_show,Next shift guard did not pitch. Had to cover.
S103428,colleague_no_show,"zulu absent, took her rounds as well"
S103584,colleague_sick_or_leave,"worked through, baloyi at the clinic"
S106947,late_handover,shift handover delayed by 40 min
S108154,nothing_useful,.
S105631,colleague_sick_or_leave,Khumalo off sick. again. covered.
S104568,colleague_no_show,"Cele absent, took her rounds as well"
S105508,late_handover,"oorhandiging was laat, gewag vir sleutels"
S106033,colleague_sick_or_leave,Covering for Fourie - booked off sick
S106673,client_requested,Client asked for exra patrol after the break-in Tuesday
S109183,client_requested,Client requested deep clean before the audit - approveed
S108185,colleague_no_show,"covering Wyk post, no show no call"
S103019,relief_no_show,"still on site, relief was suppose to come 06:00"
S102844,colleague_sick_or_leave,radebe off sick. again. covered.
S107816,colleague_sick_or_leave,"worked through, Maluleke at the clinic"
S101627,late_handover,"waited 40 min for handover, OB book not signed"
S108529,colleague_no_show,"uFourie akezanga namhalnje, ngimele yena"
S101445,equipment_failure,"masjien is stukkend, alles met die hand gedoen"
S104588,nothing_useful,all good
S108628,equipment_failure,"buffer machine kaput, did the floor by hand"
S108873,colleague_sick_or_leave,Fourie off sick. agn. covered.
S104017,colleague_no_show,"uPillay akezanga namhlanje, nimele yena !"
S106533,relief_no_show,"no replacement sent, ngicela sort this out"
S101777,equipment_failure,"machine down again, took twice as long"
S103073,colleague_sick_or_leave,covering for nkosi - booked off sick..
S100983,nothing_useful,no issues on site
S108346,colleague_no_show,"covering Cele post, no show no call"
S107474,relief_no_show,"control room says relief coming, nobody came"
S100715,nothing_useful,nothing to report
S106737,late_handover,"laet handover, waiting on paperwork"
S105115,colleague_sick_or_leave,Naidoo off sick. agn. covered.
S100577,client_requested,"requested by centre management for load in, signed off"
S103405,nothing_useful,n/a
S105653,stood_in_unspecified,stood in for Jacobs
S102421,client_requested,"stocktake ran over, client asked us to remain, they know they pay for it"
S102725,nothing_useful,-
S103582,colleague_no_show,"Mabaso didnt come in, covered the post.."
S109249,nothing_useful,quiet shift
S106149,client_requested,client asked for extra patrol after the break-in tuesday
S103062,relief_no_show,"no replacement sent, ngicela sort this out"
S103565,nothing_useful,ntr
S107861,nothing_useful,sharp
S100942,colleague_sick_or_leave,Nkosi off sick. again. covered.
S107766,colleague_no_show,"uAdams akezanga namhlanje, ngimele yena"
S104514,nothing_useful,ntr
S108019,equipment_failure,"BUFFER MACHINE KAPUT, DID THE FLOOR BY HAND.."
S100711,stood_in_unspecified,"took Wyk shift as well, 2 posts 1 guard"
S107338,stood_in_unspecified,"took Sithole shift as well, 2 posts 1 guard"
S105984,late_handover,"late handover, waiting on paperwork"
S100747,client_unconfirmed,"client says stay till 6am, dont know if office approved"
S103623,relief_no_show,relief no show again
S106555,late_handover,shift handover delayed by 45 min
S104288,stood_in_unspecified,"took Sithole shift as well, 2 posts 1 guard"
S101734,colleague_no_show,"Mokoena absent, took her rounds as well"
S103832,relief_no_show,"still on site, relief was suppose to come 06:00"
S106792,relief_no_show,"no replacement sent, ngicela sort this out.."
S106354,client_requested,Client requested deep clean before the audit - approved
S102049,client_requested,"client asked us to stay for the delivery, ok'd by cnetre mgmt"
S106122,late_handover,shift handover delayed by 30 min..
S103211,client_requested,"additional cover requested by site manager, signed off"
S103957,nothing_useful,quiet shift
S103447,relief_no_show,"relief never arrived, stayed on till 06:00"
S103726,colleague_sick_or_leave,"worked through, fourie at the clinic"
S100818,colleague_sick_or_leave,"worked through, mthembu at the clinic"
S103655,late_handover,"late handover, waitnig on paperwork"
S102134,late_handover,"handover late agn, keys missing !"
S107628,nothing_useful,as per normal
S104916,colleague_no_show,"Mavuso absent, took her rounds as well"
S103547,relief_no_show,"relief only arrived 6, stayed until then.."
S107968,relief_no_show,"no replacement sent, ngicela sort this out"
S102834,equipment_failure,"gate motor failed, manned it by hand till 6"
S108466,colleague_sick_or_leave,"GEDK VIR MOKOENA, SEK GEMELD"
S108071,relief_no_show,"waited for relief, nobody came through"
S107721,colleague_sick_or_leave,"WORKED THROUGH, MOTAUNG AT THE CLINIC"
S106240,relief_no_show,"aflos het nie opgedaag nie, moes aanbly.."
S102816,relief_no_show,client signed for the extra hours but real reason is relief no show agn
S103400,relief_no_show,RELIEF NO SHOW AGAIN
S103567,colleague_sick_or_leave,Covering for Naidoo - booked off sick
S103011,relief_no_show,"still on site, relief was suppose to coe six"
S106804,equipment_failure,"masjien is stukkend, alles met die hand gedoen"
S104038,late_handover,"late handover, waiting on paperwork"
S101555,client_requested,Clint ased for extra patrol after the break-in Tuesday
S105556,colleague_no_show,"UMANUEL AKEZANGA NAMHLANJE, NGIMELE YENA"
S105003,nothing_useful,-
S107975,nothing_useful,no issues on site
S100140,relief_no_show,Next shift guard did not pitch. Had to cover.
S107075,colleague_sick_or_leave,"double duty toda,y sibiya on family responsibility leave"
S106652,relief_no_show,"still on site, relief was suppoes to come 6am"
S103478,colleague_sick_or_leave,"double dtuy today, Nkoi on family responsibility leave"
S101798,colleague_sick_or_leave,"worked through, Cele at the clinic"
S102432,late_handover,"oorhandiging was laat, gewag vir sleutels"
S105047,client_unconfirmed,"client says stay till six, donnt know if office approved"
S101552,equipment_failure,"lift out of order, everything carried up stairs, took long"
S109173,nothing_useful,.
S103055,stood_in_unspecified,stood in for Fourie
S106541,stood_in_unspecified,stood in for Mavuso
S102204,late_handover,"oorhandiging was laat, gewag vir sleutels"
S103344,client_requested,"extra patrol per client email, approved by office"
S108105,relief_no_show,"aflos het nie opgedaag nie, moes aanbly"
S102382,equipment_failure,"gate motor failed, manned it by hand till 06:00"
S106979,colleague_no_show,"covering mthembu post, no show no call"
S101551,relief_no_show,"no replacement sent, ngicela sort this out"
S103691,client_requested,Client reuested deep clean before the audit - approved
S100590,stood_in_unspecified,"tok mahlangu shift as wll, 2 posts 1 guard"
S104130,relief_no_show,"no replacement sent, ngicela sort this out"
S101805,equipment_failure,"masjien is stukkend, alls met die hand gedoen"
S107050,stood_in_unspecified,"took Nosi shift as well, 2 pots 1 guard"
S100586,relief_no_show,Next shift guard did not pitch. Had to cover.
S106664,colleague_no_show,"Mabaso didnt come in, covered the post"
S106280,client_requested,Client requested deep clean before the audit - approved
S105325,colleague_no_show,"Zulu didnt come in, covered the post"
S101883,equipment_failure,"buffer machine kaput, did the floor by hand"
S108332,client_requested,"stocktake ran over, client asked us to remain, they knnow tey pay for it"
S104275,client_requested,"stocktake ran over, client asked us to remai,n they know they pay for it"
S101278,nothing_useful,ok
S106650,colleague_sick_or_leave,"worked through, Tshabalala at the clinic"
S109304,equipment_failure,"MAASJIEN IS STUKKEND, ALLES MET DIE HAND GEDOEN"
S100889,client_requested,"cllient wanted extra man on the gate for the event, approved"
S109279,nothing_useful,ntr
S101961,nothing_useful,fine
S108951,nothing_useful,quiet shift
S105579,equipment_failure,"lift out of order, everything carried up stairs, took long"
S103829,colleague_sick_or_leave,"worked through, Jaobs at the clinic"
S105821,client_requested,"extra patrol per clent email, approved by office"
S101230,nothing_useful,ntr
S106561,equipment_failure,"srubber broke down, had to do the floor manually"
S104974,nothing_useful,all quiet
S103973,colleague_sick_or_leave,Covering for Sibiya - booked off sick
S100485,late_handover,shiift handover delayed by 30 min
S100306,client_requested,Client requested deep clean before the audit - approved
S105701,late_handover,"handover late agn, keys missing !"
S103796,relief_no_show,no relief. stayed. someone must please sort the roster
S106442,nothing_useful,nothing to report
S108776,stood_in_unspecified,stood in for Ndlovu
S104245,late_handover,"oorhandiging was laat, gewag vir sleutels"
S105429,equipment_failure,"generator fault, stayed to monitor"
S104642,colleague_no_show,"uDlamini akezanga namhlanje, ngimele yena"
S104321,nothing_useful,quiet shift
S102395,relief_no_show,"aflos het nie opgedaag nie, moes aanbly"
S100719,relief_no_show,no relief. stayed. someone must pls sort the roster
S100928,late_handover,"handover late agn, keys missing"
S108001,stood_in_unspecified,stood in for zuul
S107901,late_handover,"late handover, waiting on paperwork"
S102369,relief_no_show,Next shift guard did not pitch. Had to cover.
S108833,equipment_failure,"buffer machine kaput, did the floor by hand.."
S107059,colleague_sick_or_leave,"worked through, Dlamini at the clinic.."
S101604,client_requested,"client wanted etra man on the gate for the event, approved.."
S107331,colleague_no_show,"covering Wyk post, no show no call"
S103251,nothing_useful,all quiet
S102109,nothing_useful,all good
S103776,client_requested,"client asked us to stay for the delivery, ok'd by centre mgmt"
S104996,client_requested,"additional cover requested by site manager, signed off"
S107964,colleague_no_show,"covering Mavuso post, no show no call !"
S107361,relief_no_show,"control room says relief coming, nobody came"
S106102,nothing_useful,fine
S104779,relief_no_show,double shift bc relief never pitched
S107267,nothing_useful,no issues on site
S109331,nothing_useful,n/a
S100873,nothing_useful,as per normal
S108180,equipment_failure,"generator fault, stayed to monitor"
S103781,client_requested,"additional cover requested by site manager, signed off.."
S105156,relief_no_show,double shift because relief never pitched
S100630,colleague_no_show,"Dlamini didnt come in, covered the post"
S101058,stood_in_unspecified,"took Fourie shift as well, 2 poosts 1 guard"
S108709,nothing_useful,all good
S102622,relief_no_show,client signed for the extra hours but real reason is relief no show again
S105088,colleague_no_show,"Maluleke absent, took her rounds as wlel"
S102662,client_requested,Client requested deeep clean before the audit - aproved..
S101209,late_handover,"handover late again, keys missing"
S107717,colleague_no_show,"Sibiya didnt come in, covered the post"
S104651,colleague_sick_or_leave,"double duty today, Ndovu on family responsibility leave"
S100579,client_requested,Centre mgr requested additional coer for stocktake
S106967,equipment_failure,"machine down agn, took twice as long"
S102050,colleague_sick_or_leave,"gedk vir Sithole, siek gemeld"
S105339,stood_in_unspecified,Covered for Mahlangu agn - 3rd time this month
S105952,colleague_sick_or_leave,"gedek vir Sibiya, siek gemeld"
S105834,equipment_failure,"generator fault, stayed to monitor"
S104442,client_requested,"client wanted extra man on the gate for the event, approved"
S104531,colleague_sick_or_leave,"gedek vir Motaung, siek geemld"
S100817,nothing_useful,all good
S102880,equipment_failure,"scrubber broke down, had to do the floor manually"
S108544,stood_in_unspecified,Covered for Zulu again - 3rd time this month
S108079,late_handover,"late handover, waiting on paperwork"
S107287,equipment_failure,"buffer machine kaput, did the floor by hand"
S109328,client_requested,extra hrs approved by client for the event setup
S102181,stood_in_unspecified,Covered for Naidoo again - 3rd tie this month
S105471,nothing_useful,all good
S106973,client_requested,"client asked us to stay for the delivery, ok'd by centre mgmt.."
S100088,colleague_no_show,"coering Blaoyi post, no show no call.."
S105483,client_requested,centre mgr requested additional covre for stocktake
S108451,stood_in_unspecified,"took Botha shift as well, 2 posts 1 guard"
S100501,equipment_failure,"generator fault, styed to mointor"
S102158,colleague_no_show,"uTshabalala akezanga namhlanje, ngimele yena"
S107206,nothing_useful,nothing to report
S108767,client_requested,Client asked for extra patrol after the break-in Tuesday..
S103619,client_requested,"extra patrol per client emil, approved by office"
S105340,relief_no_show,relief no show AGAIN
S106430,nothing_useful,fine
S100294,late_handover,"late handover, waiting on paperwork"
S107595,nothing_useful,as per normal
S108470,relief_no_show,"next shift akafikanga, ngihlale kuze kube 0600"
S109238,nothing_useful,
S100975,late_handover,"late handover, waiting on paperwork"
S108288,relief_no_show,"still on site, relief was suppose to come 6am"
S104068,client_requested,"client wantd extra man on the gate for the event, approved"
S103397,colleague_sick_or_leave,Covering for Khumalo - booked off sick
S104116,colleague_no_show,"uMaluleke akezanga namhlanje, ngimele yena"
S103456,client_requested,"extra patrol per client email, approevd by office"
S106546,colleague_no_show,"khumalo didnt come in, covered the post"
S100717,relief_no_show,"next shift akafikanga, ngihlale kuze kube 6am"
S106042,client_requested,client requested deep clean before the audit - approved
S104526,nothing_useful,n/a
S108657,client_requested,client asked for extra patrol after the break--in tuesday
S100595,relief_no_show,client signed for the extra hours but real reason is relief no show agn..
S107088,client_requested,"additional cover requested by site mgr, signed off"
S107885,client_requested,extra hours approved by client for the event setup
S107627,equipment_failure,"gnerator fault, stayed to monitor.."
S106573,colleague_no_show,"Naidoo didt come in, covered the post"
S107746,relief_no_show,"still on site, relief was suppose to come 06h00"
S107218,nothing_useful,ntr
S106989,equipment_failure,"buffer machine kaput, did the floor by hand"
S100301,relief_no_show,"still on site, relief was suppose to come 06:00"
S104331,colleague_no_show,"molefe absent, took her rounds as well"
S102253,nothing_useful,all quiet
S107504,nothing_useful,ok
S100384,relief_no_show,"control room says relief coming, nobody came"
S106492,client_requested,"requested by centre management for load in, signed off"
S105436,equipment_failure,"machine down again, took twice as long"
S102650,nothing_useful,all quiet
S103589,relief_no_show,relief no show AGAIN
S106553,relief_no_show,Next shift guard did not pitch. Had to cover.
S107376,relief_no_show,"next shift akafikanga, ngihlale kuze kube 6 !"
S105329,relief_no_show,double shift because relief never picthed !
S109293,late_handover,"waited 45 min for handover, OB book not signed"
S106233,colleague_sick_or_leave,Mokoena off sick. again. covered.
S106536,colleague_sick_or_leave,"double duty today, Sithole on family responsibility leave"
S109261,late_handover,"handover late agn, keys missing"
S103809,relief_no_show,"waited for relief, nobody caame through"
S105550,client_requested,extra hrs apprvoed by clietn for the event setp
S102179,late_handover,"waited 40 min for handover, OB book not signed"
S102377,late_handover,"late handover, waiting on paperwork"
S105071,relief_no_show,"no replacement sent, ngicela sort this out"
S105155,nothing_useful,sharp
S106680,client_requested,Client asked for extra patrool after the break-in Tuesday
S107580,colleague_sick_or_leave,"geddek vir wyk, siek gemeld"
S102879,late_handover,"waited 25 min for handover, OB book not signed"
S101725,nothing_useful,ok
S105880,late_handover,"late handover, waiting on paperwork"
S106235,colleague_sick_or_leave,"gedek vir Tshabalala, siek gemeld"
S106457,colleague_no_show,"USIBIYA AKEZANA NAMHLANJE, NGIMELE YENA.."
S106046,client_requested,"extra patrol per client email, approved by office"
S107572,nothing_useful,-
S106375,relief_no_show,"still on site, relieef was suppose to come six"
S103012,client_requested,Centre mgr requested additional cover for stocktae
S109078,nothing_useful,ok
S101275,nothing_useful,.
S103735,nothing_useful,akukho lutho
S108835,client_requested,"client wanted extra man on the gate for the event, approved"
S107894,relief_no_show,"relief only arrived 0600, stayed until then"
S108026,equipment_failure,"srubber broke down, had to do the floor manually"
S108082,nothing_useful,quiet shift
S108285,stood_in_unspecified,"took Zulu shift as well, 2 posts 1 guard"
S101069,nothing_useful,
S107875,late_handover,"oorhandiging was laat, gewag vir sleutels"
S103391,relief_no_show,"relief never arrived, stayed on till six"
S101905,nothing_useful,.
S103424,client_requested,Client requested deep clean before the audit - approved
S103988,equipment_failure,"buffeer machine kaput, did the floor by hand"
S105735,colleague_sick_or_leave,"worked through, sibiya at the clinic"
S102953,equipment_failure,"gate motoor failed, manned it by hadn till 6"
S106580,colleague_no_show,"umolefe akezanga namhlanje, ngimele yena"
S108038,colleague_no_show,"Ndlovu absent, took her rounds as well"
S103338,late_handover,"late hanodver, waiting on paperwork"
S106132,colleague_sick_or_leave,Covering for Wyk - booked off sick
S107079,client_requested,Client asked for extra patrol after the break-in Tuesday
S101822,colleague_no_show,"uSibiya akezanga namhlanje, ngimele yena"
S105051,late_handover,"handover late again, keys missing"
S103751,relief_no_show,"still on site, relief was suppose to come six"
S108478,relief_no_show,Next shift guard did not pitch. Had to cover.
S106097,relief_no_show,"aflos het nie opgedaag nie, moes aanbly"
S104397,nothing_useful,nothing to report
S108061,late_handover,shift handover delayed by 30 min
S102528,equipment_failure,"generator fault, stayed to monitor !"
S100587,colleague_sick_or_leave,Nkosi off sick. agn. coveredd.
S109297,colleague_no_show,"uBotha akezanga namhlanjje, ngimele yena"
S104857,client_unconfirmed,"client says stay till 06h00, dont know if office approved"
S101939,late_handover,"waited 50 min for handover, OB book not signed"
S104803,stood_in_unspecified,"took Mokoena shift as well, 2 posts 1 guard"
S103509,colleague_sick_or_leave,"double duty today, Baloyi on family responsibility leave"
S104449,nothing_useful,sharp
S100032,relief_no_show,"control room says relef coming, nobody came"
S101590,relief_no_show,"control room says relief coming, nobody came"
S104355,client_requested,"additional cover requested by site mgr, signed off"
S103661,relief_no_show,"aflos het nie opgedaag nie, moes aanbly"
S102838,client_requested,"client asked us to stay for the delivery, ok'd by centre mgmt.."
S106807,client_requested,CLIENT ASKED FOR EXTRA PATROL AFTER THE BREAK-IN TUESDAY
S105053,client_requested,klient het ekstra ure gevra vir stocktake !
S102453,nothing_useful,ntr
S101640,nothing_useful,all fine
S105352,client_unconfirmed,"client says stay till six, dont know if office approved"
S106225,equipment_failure,"GENERATOR FAULT, STAYED TO MONITOR.."
S104164,equipment_failure,"scrubber broke don, had to do the floor manually"
S100309,colleague_sick_or_leave,Jacobs off sick. ag.n covered.
S103077,relief_no_show,no relif. stayed. someone must please sort the roster
S102386,stood_in_unspecified,"took Mabaso shift as well, 2 posts 1 guard"
S101769,equipment_failure,"buffer machine kaput, did the floor by hand"
S104379,colleague_no_show,"uBotha akezanga namhlanje, ngimele yena"
S108123,nothing_useful,ntr
S101704,equipment_failure,"buffer machine kaput, did the floor by hand !"
S108837,nothing_useful,no issues on site
S103018,relief_no_show,"next shift akafikanga, ngihlale kuzze kube 06h00"
S106806,colleague_no_show,"Naidoo didnt come in, covered the post.."
S106376,stood_in_unspecified,"took Nkosi shift as well, 2 posts 1 guard"
S106252,stood_in_unspecified,"took Naidoo shift as well, 2 posts 1 guard"
S103649,colleague_no_show,"uNaidoo akezanga namhlanje, ngimele yena"
S107240,client_requested,"extra patrol per client email, approved by ofice"
S108016,client_unconfirmed,"client says stay till 06h00, dont know if office approved"
S104249,nothing_useful,all quiet
S106902,client_unconfirmed,"client says stay till 0600, dont know if office approved"
S102656,colleague_no_show,"Ngcobo absent, took her rounds as well.."
S109305,colleague_no_show,"Mokoena absent, took her rounds as well"
S105537,colleague_no_show,"nkosi absent, took her rounds as well !"
S102317,nothing_useful,nothing to report
S104575,nothing_useful,no issues on site
S103458,relief_no_show,no relief. stayed. someone must please sort the roster !
S102929,relief_no_show,"next shift akafikanga, ngihlale kuze kube 6"
S101338,nothing_useful,nothing to report
S104868,nothing_useful,niks om te rapporteer nie
S107133,relief_no_show,relief no show again..
S102570,relief_no_show,"sill on site, relief was spupose to come 6am"
S106476,equipment_failure,"lift out of order, everything carried up stairs, took lng"
S100784,colleague_sick_or_leave,"worked through, ndlovu at the clinic.."
S106925,equipment_failure,"lift out of order, everything carried up stairs, took long"
S107886,late_handover,shift handover delayed by 50 min
S102295,colleague_no_show,"jacobs absent, took her rounds as well"
S100775,nothing_useful,quiet shift
S103402,equipment_failure,"machine down agn, took twice as long"
S105318,relief_no_show,client signed for the extra hours but real reason is relief no show agn !
S101812,nothing_useful,ntr
S102723,late_handover,"oorhandiging was laat, gewag vir sleutels"
S105460,equipment_failure,"lift out of order, everything carried up stairs, took long"
S101597,colleague_sick_or_leave,"double duty today, maluleke on family responsibility leave.."
S105342,colleague_no_show,"umthembu akezanga namhlanje, ngimele yena"
S103470,late_handover,shft handover dealyed by 25 min
S103005,stood_in_unspecified,"took dlaminni shift as well, 2 posts 1 guard"
S107332,colleague_sick_or_leave,"gedek vir Hendricks, siek geemeld"
S104121,client_requested,client requested deep clean before the audt - approved
S103105,nothing_useful,fine
S105346,equipment_failure,"machien down agn, took twice as long"
S101120,colleague_sick_or_leave,Zulu off sick. agn. covered.
S107414,late_handover,shift handovver delayed by 50 min
S100713,colleague_sick_or_leave,Naidoo off sick. again. covered..
S106901,stood_in_unspecified,"took mthembu shift as well, 2 pots 1 guard"
S100603,relief_no_show,"waited for relief, nobody came through"
S107506,stood_in_unspecified,"took Wyk shift as well, 2 posts 1 guard"
S105585,equipment_failure,"scrubber broke dwn, had to do the floor mnually"
S104423,colleague_no_show,"DLAMINI DIDNT COME IN, COVERED THE POST"
S104093,client_requested,"client wanted extra man on the gate for the event, approved"
S109323,equipment_failure,"gate motor failed, manned it by hand till 6.."
S103163,nothing_useful,n/a
S102367,stood_in_unspecified,"took Tshabalala shift as well, 2 posts 1 guadr"
S104076,nothing_useful,no incidents
S101592,client_requested,"additional cover requested by site mgr, signed off.."
S108943,nothing_useful,niks om te rapporteer nie
S108665,client_requested,"client asked us to stay for the delivery, ok'd by centre mgmt"
S101471,late_handover,"handover late agn, keys missing"
S108186,stood_in_unspecified,COVERED FOR NDLOVU AGAIN - 3RD TIME THIS MONTH
S102372,relief_no_show,client signed for the extra hours but real reason is relief no show agn
S105629,relief_no_show,"waited for relief, nobody came through"
S100238,client_requested,extra hrs approved by client for the event setup
S103418,client_requested,extra hours approved by client for the event setup
S108305,client_requested,klient het ekstra ure gevra vir stocktake
S102972,relief_no_show,Next shift guard did not pitch. Had to cover.
S102449,client_requested,centre mgr requested additional cover for stocktake..
S104536,colleague_no_show,"COVERING DLAMINI POST, NO SHOW NO CALL"
S108855,client_requested,"requested by centre management for load in, signed off"
S106382,relief_no_show,double shift bc relief never pitched
S104699,late_handover,"waited 40 min for handover, ob book not signed"
S100284,colleague_sick_or_leave,"double duty today, Sithole on family responsibility leave.."
S106896,client_requested,Centre manager requested additional cover for stocktake
S102287,client_requested,extra hrs approved by client for the event setup
S100470,colleague_no_show,"covering Mabaso post, no show no call.."
S103051,equipment_failure,"buffer machine kaput, did the floor by hand"
S101438,late_handover,"handover late agn, keys missing"
S104956,nothing_useful,-
S102887,relief_no_show,client signed for the extra hrs but real reason is relieef no show again
S105496,relief_no_show,"relief never arrived, stayed on till 06h00 !"
S107708,colleague_sick_or_leave,Covering for Ngcobo - booked off sick
S106406,client_requested,"additional cover requested by site manager, signed off"
S101394,nothing_useful,
S108604,relief_no_show,"relief only arrived six, stayed until then"
S101046,equipment_failure,"gate motor failed, manned it by hand till six"
S106395,colleague_no_show,"covering Mthembu postt, no show no call"
S108405,equipment_failure,"gate motor failed, manned it by hand till 06:00"
S102416,equipment_failure,"generator fault, stayed to monitor"
S104541,colleague_no_show,"Adams didnt come in, covered the post"
S108993,relief_no_show,"next shift akafikanga, ngihlale kuze kube 6"
S105190,nothing_useful,as per normal
S106985,client_requested,"extra patrol per client email, approved by officce"
S103441,relief_no_show,relief no show AGAIN
S101222,nothing_useful,all good
S100315,relief_no_show,"no repacement sent, ngicela sort this out"
S108612,relief_no_show,double shift because reief never pitched
S104092,late_handover,"handover late agn, keys missing"
S107148,nothing_useful,all quiet
S109322,client_requested,Client asked for extra patrol after the break-in Tuesday
S103819,colleague_no_show,"uJacobs akezanga namhlanje, ngimele yena"
S101795,equipment_failure,"machine down agn, took twice as long.."
S106892,relief_no_show,"control room sasy relief coming, nobody came"
S100706,client_unconfirmed,"cllient says stay till 6, dont know if office approved"
S100443,nothing_useful,all fine
S108441,equipment_failure,"bufefr machine kapu, did the floor by hand"
S102862,relief_no_show,"no replacement sent, ngicela sort this out"
S102601,client_requested,Client asked for extra ptrol after the break-in Tuesday
S107530,colleague_no_show,"uFourie akezanga namhlanje, ngimele yena"
S101714,relief_no_show,"relief only arrived 06:00, stayed until then.."
S103445,relief_no_show,no relief. stayed. someone must please sort the roster
S100171,client_requested,Client asked for extra patrol after the break-in Tuesday..
S105092,nothing_useful,fine
S105372,nothing_useful,sharp
S107478,client_requested,centre manager requested additional cover for stocktake
S103330,client_requested,klent het ekstra ure gevra vir stocktake
S103627,relief_no_show,cliient signed for the extra hours but real reeason is relief no show agn
S104250,nothing_useful,nothing to report
S104099,nothing_useful,n/a
S107066,client_requested,"requested by centre management for load in, signed off"
S103601,colleague_sick_or_leave,jacobs off sick. again. covered.
S105011,client_requested,Client requested deep clean before the audit - approved
S103634,nothing_useful,ntr
S103549,client_requested,klient het ekstra ure gevra vir stocktake
S106414,late_handover,"waited 40 min for handover, OB book not signed"
S102937,stood_in_unspecified,stood in for Molefe
S106884,colleague_sick_or_leave,"GEDEK VIR HENDRICKS, SIEK GEMELD"
S107859,nothing_useful,
S107514,client_requested,"client wanted extra man on the gate for the event, approved"
S101947,colleague_no_show,"covering Mabaso post, no show no cll"
S108374,relief_no_show,"relief only arrived 06h00, stayyed until then"
S104492,relief_no_show,relief no show AGGAIN
S109335,client_requested,"client asked us to stay for the delivery, ok'd by centre mgmt"
S108103,nothing_useful,no incidents
S101011,late_handover,"handover late again, keys missing"
S107101,nothing_useful,quiet shift
S100886,client_requested,klient het ekstra ure gevra vir stocktake
S103065,late_handover,"waited 40 min for handover, OB book not signed"
S105811,relief_no_show,"still on site, relief was suppose to come 0600"
S100922,client_requested,"client wanted extra man on the gate for the event, approved"
S107253,equipment_failure,"machine down again, took twice as long"
S100473,client_unconfirmed,"clint says stay till six, doont know if office approved"
S101512,equipment_failure,"lift out of order, everything carried up stairs, took long"
S105973,colleague_no_show,"Naidoo abset, took her runds as weell"
S109203,colleague_no_show,"Fourie absen, took her rounds as well"
S102376,client_requested,"extra patrol per client emaail, apprroved by office"
S104162,nothing_useful,quiet shift
S108378,colleague_no_show,"covering Jacobs post, no show no call"
S102860,relief_no_show,"relief never arrived, stayed on till six.."
S108045,stood_in_unspecified,Covered for Sithole agn - 3rd time this month
S100416,client_requested,"extra patrol per client email, approved by office"
S100553,relief_no_show,"control room says relief coming, nobody came"
S106578,client_requested,centre manager requested additional cover for stocktake !
S103436,colleague_no_show,"fourie didnt come in, covered the post"
S106657,late_handover,"waited 30 min for handover, OB book not signed.."
S100222,nothing_useful,
S102131,client_requested,"client asked us to stay for the deliivery, ok'd by centre mgmt"
S102206,nothing_useful,all good
S107980,relief_no_show,"control room sayys relief coming, noboddy came"
S101027,nothing_useful,ntr
S102265,nothing_useful,ok
S105840,relief_no_show,"no replacement sent, ngicela sort this out"
S104369,colleague_no_show,"covering sibiya post, no show no call"
S109245,nothing_useful,no issues on site
S106428,relief_no_show,"waited for relief, nobody came through"
S106726,nothing_useful,all quiet
S104286,nothing_useful,all good
S109318,relief_no_show,"control room says relief coming, nobody came"
S107314,colleague_sick_or_leave,"gedek vir ngcobo, siek gemeld"
S101268,stood_in_unspecified,"took Jacobs shift as wel, 2 posts 1 guard"
S103801,nothing_useful,sharp
S102117,late_handover,shift handover delayed by 25 min
S103605,colleague_sick_or_leave,Ngcobo off sick. agn. covered.
S105649,stood_in_unspecified,Covered for Zulu again - 3rd time this month
S103805,colleague_no_show,"covering Zulu post, no sow no call"
S104662,colleague_sick_or_leave,"worked through, Botha at the clinic"
S108863,colleague_sick_or_leave,"double duty today, sithole on family responsibility leave"
S108464,relief_no_show,"next shift akafikanga, ngihlale kuze kue six"
S103768,client_requested,"client wanted extra man on the gate for the event, approved"
S106467,client_requested,Client asked for extra patrol after the break-in Tuesday
S107876,relief_no_show,"relief never arrived, sayed on till 6am"
S108453,late_handover,"waited 30 min for handover, OB book not signed"
S106960,client_requested,Client asked for extra patrol after the break-in Tuessday
S107620,relief_no_show,client signed for the extra hours but real reason is relief no show again
S106436,relief_no_show,"control room says relief coming, nobody came"
S100015,nothing_useful,quiet shift
S109351,late_handover,"waited 45 min for handover, OB book not signed.."
S101865,late_handover,"handover late again, keys missing"
S100343,equipment_failure,"scrubber broke down, had to do the floor manually"
S102628,equipment_failure,"lift out of orrder, everything carried up stairs, took long"
S105144,nothing_useful,
S106167,client_requested,Client asked for extra patrol after the break-in Tuseday
S109291,colleague_no_show,"COVERING MOLEFE POST, NO SHOW NO CALL"
S107036,nothing_useful,all quiet
S101324,client_requested,"requested by centre management for load in, signed off"
S102771,relief_no_show,"no replacement sent, ngicela sort this out"
S103828,equipment_failure,"lift out of order, everything carried up stairs, took long"
S106963,relief_no_show,double shift bc relief never pitched..
S100350,stood_in_unspecified,"took Maluleke shiift as well, 2 posts 1 guard.."
S105251,nothing_useful,no incidents
S109337,relief_no_show,"aflos het nie opgedaag nie, moes aanbly"
S107030,nothing_useful,akukho lutho
S107531,equipment_failure,"MACHINE DOWN AGN, TOOK TWICE AS LONG"
S103094,colleague_no_show,"uNaidoo akezanga namhlanje, ngimele yena"
S108359,equipment_failure,"gaate motor failed, manned it by hand till 06:00"
S107983,client_requested,"stocktake ran over, client asked us to remain, they know they pay for it"
S106270,nothing_useful,ntr
S104755,nothing_useful,as per normal
S108437,relief_no_show,"relief never arrived, stayed on till 6"
S108936,nothing_useful,all good
S104485,nothing_useful,
S107191,colleague_sick_or_leave,Mthembu off sicck. again. covered.
S107032,late_handover,"oorhandiging was laat, gewag vir sleutels.."
S107658,colleague_sick_or_leave,Jacobs off sic. again. covered.
S102474,nothing_useful,akukho lutho
S108807,equipment_failure,"gate motor failed, manned it by hand till 06:00"
S105639,nothing_useful,as per normal
S103380,relief_no_show,Next shift guard did not pitch. Had to cover.
S100305,colleague_no_show,"uBaloyi akezanga namhlanje, ngimele yena.."
S106612,nothing_useful,sharp
S104114,relief_no_show,"relief never arrived, stayed on till 6am"
S107752,equipment_failure,"generator fault, stayed to monitor"
S103631,relief_no_show,"WAITED FOR RELIEF, NOBODY CAME THROUGH"
S101281,nothing_useful,akukho lutho
S107724,client_requested,"stocktake ran over, client asked us to remain, they know they pay for it"
S108830,client_requested,"requested by cenre management for load in, siged off"
S106222,equipment_failure,"scrubber broke down, had to do the floor manually"
S105604,colleague_no_show,"ndlovu absent, took her rounds as well"
S104081,relief_no_show,"no replacement sent, ngicela sort this out"
S107132,stood_in_unspecified,stood in for Motaug
S104538,nothing_useful,ok
S106341,colleague_sick_or_leave,"double duty today, sibiya on family responsibility leave"
S107889,client_requested,"additional cover requested by site manager, signed off"
S101533,equipment_failure,"gate motor failed, manned it by hand till 06h00"
S103759,client_requested,"client wanted extra man on the gate for the event, approved"
S105298,nothing_useful,nothing to report
S104929,colleague_no_show,"uMolefe akezanga namhlanje, ngimele yena"
S103561,stood_in_unspecified,"toook motaung shift as well, 2 posts 1 guard"
S106152,nothing_useful,no issues on site
S103404,stood_in_unspecified,"took Dlamini shiift as well, 2 psots 1 guard"
S108615,colleague_sick_or_leave,wyk off sick. again. covered..
S100880,colleague_no_show,"Ndlovu absent, took her rounds as well"
S106530,late_handover,shift handover delayed by 25 min
S107460,client_requested,"stocktake ran over, client asked us to remain, they know they pay for it.."
S105794,stood_in_unspecified,Covered for Sithole again - 3rd time this month
S108813,client_requested,Client asked for extra patrol after the brea-kin Tuesday
S105097,relief_no_show,"still on site, relief was suppose to come 06:00"
S104127,client_requested,"client asked us to stay for the delivery, ok'd by centre mgmt.."
S107343,colleague_no_show,"umabaso akezanga namhlanje, ngimele yena.."
S107062,equipment_failure,"lift out of order, everything carried up stairs, took long"
S100273,colleague_sick_or_leave,Covering for Molefe - booked off sick
S108901,nothing_useful,fine
S108349,client_requested,klieent het ekstra ure gevra vir stocktake
S107147,equipment_failure,"machine down again, took twice as long.."
S100281,client_requested,"requested by centre management for load in, signed off !"
S100538,client_requested,"client asked us to stay for the delivery, ok'd by centre mgmt.."
S106516,late_handover,"handover late again, keys missing.."
S108299,nothing_useful,no issues on site
S100596,late_handover,shift handover delayed by 45 min
S102082,colleague_no_show,"covering Ndlovu post, no show no call"
S104102,colleague_no_show,"usibiya akezanga namhlanje, ngimele yena.."
S100691,equipment_failure,"machine down again, took twice as long"
S104098,nothing_useful,fine
S105612,colleague_no_show,"Botha absent, took her rounds as well.."
S101811,relief_no_show,Next shifft guard did not pitch. Had to cover.
S100381,relief_no_show,"still on site, relief was supose to come six"
S108015,colleague_no_show,"COVERING SIBIYA POST, NO SHOW NO CALL"
S106575,stood_in_unspecified,"took Mthembu shift as well, 2 possts 1 guard"
S104461,nothing_useful,no incidents
S109344,colleague_sick_or_leave,motaung off sick. again. covered.
S105742,colleague_no_show,"Motaung absent, took her rounds as well"
S107902,relief_no_show,"next shift akafikanga, ngihlale kuze kube 06h00"
S108847,client_requested,"reequested by centre management for load in, signed off.."
S109070,colleague_sick_or_leave,"gedek vir Wyk, siek gemeld"
S105652,late_handover,"handover late agn, keys missing"
S108189,client_requested,Client requested deep clean before the audit - approved..
S101786,late_handover,"handover late agian, keys missing"
S107322,client_unconfirmed,"client says stay till 06h00, dont know if office apprved"
S108597,late_handover,"handover late an, keys missing.."
S101542,relief_no_show,"relief never arrived, stayed on till 06:00"
S102467,nothing_useful,sharp
S101960,client_requested,"requested by centre management for load in, signed off"
S103581,client_requested,extra hrs approved by client for the event setup
S100291,nothing_useful,fine
S100640,nothing_useful,quiet shift
S103417,stood_in_unspecified,stood in for maluleke
S103787,equipment_failure,"generator fault, stayed to monitor"
S106663,equipment_failure,"buffer machine kaput, did the floor by hand"
S109355,nothing_useful,no incidents
S101494,nothing_useful,all quiet
S106413,relief_no_show,double shift beccause relief never pitched
S102366,relief_no_show,"nxet shift akafikanga, ngihlale kuze kube 06:00"
S109381,equipment_failure,"scrubber broke down, had to do the floor manually"
S105820,client_requested,extra hrs approved by client for the event setup
S103804,nothing_useful,all fine
S100567,client_requested,clint requested deep clean before the audit - approved
S107814,equipment_failure,"scrubber broke down, had to do the floor manually !"
S106214,relief_no_show,double shift because relief never pitched
S104104,client_requested,"client asked us to saty for the delivery, ok'd by centre mgmt !"
S108438,stood_in_unspecified,stood in for Fuorie..
S106101,relief_no_show,"aflos het nie opgedaag nie, mooes aanbly"
S101900,client_requested,"extra patrol per client email, approved by office"
S101758,client_requested,Client requested deep clean before the audit - approved
S103750,equipment_failure,"gate motor failed, manned it by hand till six"
S104210,colleague_no_show,"Tshabalala didnt come in, covered the post.."
S102428,client_requested,"stocktake ran over, client asked us to remain, they know they pay for it"
S101589,relief_no_show,"conntrol room says relief coming, nobody came"
S108459,equipment_failure,"scrubber broe down, had to do the floor manually"
S106458,client_unconfirmed,"client says stay till 6am, dont know if office approved"
S104579,late_handover,"handover late agn, keys missing"
S102522,client_unconfirmed,"client says stay till 06:00, dont know if office approved"
S101853,client_unconfirmed,"client says stay till 6, dont know if office approved"
S101531,stood_in_unspecified,Covered for Wyk again - 3rd time this month
S101187,nothing_useful,
S107895,relief_no_show,"still on siet, relief was suppose to come 06:00.."
S106397,relief_no_show,client signed for the extra hrs but real reason is relief no show agn
S106711,nothing_useful,ntr
S103587,relief_no_show,"aflos het nie opgedaag nie, moes aanbly"
S100408,nothing_useful,ok
S106940,colleague_no_show,"Dlmini asent, took her rounds as well"
S106816,relief_no_show,no relief. stayed. someone must please sort the rooster
S100299,relief_no_show,"waited for relief, nobody came through"
S100549,client_requested,"requested by centre management for load in, signed off"
S101396,colleague_no_show,"uMolefe akezanga namhlanje, ngimele yena.."
S100266,client_requested,klient het ekstra ure gevra vir stocktake
S106166,colleague_sick_or_leave,"double duty today, Fourie on family responsibility leave"
S107510,colleague_no_show,"covering Mahlangu post, no show no call"
S106069,equipment_failure,"gate motor failed, manned it by hand till 0h600"
S107921,client_requested,extra hours approved by client for the event setup
S100277,late_handover,shift handover delayed by 20 min
S100712,colleague_sick_or_leave,adams off sick. again. covered.
S104567,nothing_useful,as per normal
S100797,nothing_useful,ok
S108503,nothing_useful,sharp
S106863,nothing_useful,no issues on site
S105139,relief_no_show,Next shift guard did not pitch. Had to cover.
S108280,stood_in_unspecified,stood in for sibiya
S109124,client_requested,Clieent requested deep clean before the audit - approved
S106093,relief_no_show,"waited for relief, nobody came through"
S106268,nothing_useful,as per normal
S105124,relief_no_show,double shift because relief never pitched
S102948,relief_no_show,"relief only arrived six, stayed until then.."
S101081,nothing_useful,nothing to report
S105625,client_requested,"additional cover requested by site manager, signed off"
S104037,equipment_failure,"masjien is stukkend, alles met die hand gedoen"
S105960,colleague_no_show,"radebe absent, took her rounds as well"
S100537,colleague_sick_or_leave,Covering for Mavuso - booked off sick..
S109200,nothing_useful,ntr
S102385,stood_in_unspecified,stood in for Naidoo
S101042,colleague_no_show,"uNdlovu akezanga namhlanje, ngimele yean"
S108254,colleague_sick_or_leave,Covering for Fourie - booked off siick
S106011,client_requested,"extra patrol per client email, approved by office"
S101573,colleague_no_show,"uNkosi akezanga namhlanje, ngimele yeena"
S105696,colleague_no_show,"uNkosi akezanga namhlanje, ngimele yena"
S103370,colleague_no_show,"coovering Baloyi post, no show no call"
S100181,relief_no_show,"still on sitee, relief was suppose to come 6am"
S108268,colleague_sick_or_leave,Radebe off sikc. again. cvered..
S105572,nothing_useful,fine
S103808,colleague_no_show,"coverign Mavuso post, no show no call"
S101817,relief_no_show,double shift because relief never pitched
S108371,nothing_useful,.
S108540,relief_no_show,"next shift akafikanga, ngihlale kuze kube 06h00"
S106935,client_requested,"stocktake ran over, client asked us to remain, they knnow they pay for it"
S109156,equipment_failure,"generator fault, stayed to monitor"
S100726,equipment_failure,"gate motor failed, manned it by hand till six"
S103382,relief_no_show,"waited for relief, nobody came through"
S102640,equipment_failure,"machine dowwn aggn, took twice as long"
S103033,relief_no_show,"aflos het nie opgedaag nie, moes aanbly"
S109286,client_requested,"client wanted extra man on the gate for the event, approved"
S103604,stood_in_unspecified,stood in for Mokoena
S100052,client_requested,Client requested deep clean before the audit - approved
S107154,nothing_useful,sharp
S107291,client_requested,extra hrs approved by client for the event setup
S106495,client_requested,"client wanted extra man on the gate for the event, approved.."
S105669,nothing_useful,
S106182,nothing_useful,all quiet
S103440,equipment_failure,"generator fault, stayed to monitor.."
S100516,colleague_sick_or_leave,"double duy today, adams on family responsibility leave"
S105883,nothing_useful,-
S100363,equipment_failure,"generator fault, stayed to monitor.."
S106025,client_unconfirmed,"client says stay till six, dont know if office approved"
S103703,relief_no_show,doouble shift bc relief never pitched
S103757,client_requested,centre manager requested additional cover for stocktake
S101612,client_requested,"client asked us to stay for the delivery, ok'd by centre mgmt"
S102247,late_handover,"waited 20 min for handover, OB book not signed"
S109254,client_unconfirmed,"client says stay till six, dont know if office approved.."
S101501,late_handover,"late handover, waiting on paperwork"
S107309,nothing_useful,no incidents
S102584,equipment_failure,"masjien is stukkend, alles met die hand gedoen"
S100200,relief_no_show,"no replacement sent, ngicela sort this out"
S103476,equipment_failure,"SCRUBBER BROKE DOWN, HAD TO DO THE FLOOR MANUALLY"
S108439,equipment_failure,"lift out of order, everything carried up stairs, took lng"
S108057,colleague_sick_or_leave,"double duty today, Sithole on family responsibility leave !"
S108088,equipment_failure,"masjien is stkkend, alles met die hand geddoen"
S103864,nothing_useful,ok
S101330,nothing_useful,akukho lutho
S108094,equipment_failure,"lift out of orde,r everything carried up stairs, took long"
S108510,nothing_useful,ok
S101480,stood_in_unspecified,stood in for Dlamini
S109289,relief_no_show,client signed for the extra hrs but real reason is relief no show agn
S102835,relief_no_show,"relef only arrived 6am, stayed until then.."
S108064,colleague_sick_or_leave,baloyi off sick. agn. covered.
S100548,stood_in_unspecified,stood in for fourie
S105079,relief_no_show,"control room says relief coming, nobody came"
S107135,client_requested,Centre mgr requested additional cover for stocktake
S104344,colleague_no_show,"Jacobs absent, took her rounds as well"
S101630,client_requested,"stocktake ran over, client asked us to remain, they know they pay for it"
S103170,nothing_useful,fine
S101566,nothing_useful,sharp
S102828,nothing_useful,akukho lutho
S107529,colleague_sick_or_leave,"worked through, Zulu at the clinic"
S107515,nothing_useful,akukho lutho
S108864,relief_no_show,"aflos het nie opgedaag nie, moes aanbly"
S108457,late_handover,shitf handover delayed by 25 min
S106995,colleague_sick_or_leave,"double duty today, Adams on family responsibility leave"
S104151,late_handover,"handover late again, keys missing"
S103790,colleague_sick_or_leave,"worked through, dlamini at the clinic"
S101197,nothing_useful,ntr
S101718,nothing_useful,fine
S101587,late_handover,"late handover, waitng on paperwork"
S107156,colleague_no_show,"usithole akezanga namhlanje, ngimeel yena"
S101092,nothing_useful,no issues on site
S106356,colleague_sick_or_leave,"worked through, Sithole at the clinic"
S102632,colleague_no_show,"uMahlangu akezanga namhlanje, ngimele yena.."
S107359,client_requested,"additional cover requested by site manager, signed off"
S102118,nothing_useful,all quiet
S108650,colleague_sick_or_leave,"double duty today, Hendricks on family responsibility leave"
S105655,late_handover,"handover late agn, keys missing"
S107623,client_requested,Centre manager requested additional cover for stocktake
S108743,colleague_sick_or_leave,"worked through, Mokoena at the clinic"
S100665,colleague_no_show,"Molefe absent, took her rounds as well"
S103435,colleague_sick_or_leave,"gedek vir Wyk, siek gemeld"
S106108,relief_no_show,RELIEF NO SHOW AGAIN
S105842,relief_no_show,"relief never arrived, stayed on till six"
S106086,client_requested,"extra patrol per client email, approved by office !"
S104859,client_requested,"extra patrol per client email, approved by office"
S107212,nothing_useful,
S103756,client_requested,"stocktake ran over, client asked us to remain, they know they pay for it"
S104304,relief_no_show,double shift because relief never pitched
S100332,colleague_no_show,"covering Zulu post, no show no call"
S102371,colleague_sick_or_leave,Khumalo off sick. again. covered.
S107991,stood_in_unspecified,Covered for Ndlovu agn - 3rd time this month
S100302,client_requested,client requested deep clean before the audit - approved
S102062,colleague_sick_or_leave,"double duty today, Pillay on family responsibility leave"
S107810,late_handover,"oorhandiging was laat, gewag vir sleutels"
S106116,colleague_sick_or_leave,"gedek vir Zulu, siek gemeld.."
S104043,late_handover,"waited 25 min for handover, OB book not signed"
S104333,relief_no_show,Next shift guard did not pitch. Had to cover.
S104906,equipment_failure,"machine down agn, took twice as long"
S105451,nothing_useful,all quiet
S108872,late_handover,"late handover, waiting on paperwork"
S108027,client_requested,klient het ekstra ure gevra vir stocktake
S107476,colleague_sick_or_leave,"worked through, Sibiya at the clinic"
S102766,nothing_useful,.
S103672,nothing_useful,no issues on site
S105472,nothing_useful,-
S107747,equipment_failure,"machine down agn, took twice as long"
S107208,late_handover,shift handover delayed by 30 min !
S107555,late_handover,SHIFT HANDOVER DELAYED BY 40 MIN
S100891,relief_no_show,no relief. stayed. someone must please srt the roster
S106282,client_requested,"CLIENT ASKED US TO STAY FOR THE DELIVERY, OK'D BY CENTRE MGMT"
S102843,nothing_useful,as per normal
S109339,relief_no_show,double shift beacuse relief never pitched
S104674,nothing_useful,quiet shift
S102694,nothing_useful,ok
S101629,client_requested,Cetre manager requested additional cover for stocktake
S109086,nothing_useful,nothing to report
S108692,client_requested,klient het ekstra ure gevra vir stocktake
S107462,late_handover,"handover late again, keys missing"
S106103,stood_in_unspecified,covered for molefe again - 3rd time this month
S105103,nothing_useful,-
S106879,colleague_no_show,"uMavuso akezana namhlanje, ngimele yean"
S104654,late_handover,"handover late again, keys missing"
S101764,client_requested,"STOCKTAKE RAN OVER, CLIENT ASKD US TO REMAIN, THEY KNOW THEY PAY FOR IT.."
S100498,client_requested,"stocktake ran over, client asked us to remain, they know tehy pay for it"
S102011,nothing_useful,all good
S103449,client_requested,"client asked us to stay for the deliverry, ok'd by centre mgmt.."
S105682,nothing_useful,all quiet
S106607,colleague_sick_or_leave,"wroked through, Mabaso at the clinic"
S102744,client_requested,Client requested deep clean before the audit - approved !
S103824,nothing_useful,nothing to report
S107616,nothing_useful,-
S106424,colleague_sick_or_leave,covering for molefe - booked off sick
S106137,late_handover,"waited 45 min for handover, ob book not signed"
S102719,equipment_failure,"machine down agn, took twice as long"
S101504,stood_in_unspecified,"took Sithole shift as well, 2 posts 1 guard"
S102874,colleague_no_show,"Ngcobo didnt come in, covered the post"
S105098,client_requested,"requessted by centre management for load in, signed off"
S105180,stood_in_unspecified,"took Baloyi shift as well, 2 posts 1 guard"
S107046,late_handover,"waited 40 min for handover, OB book not signed"
S102676,colleague_sick_or_leave,"worked through, motaung at the clinic !"
S105322,client_requested,extra hours approved by client for the event setup
S107350,client_requested,Centre manager requested additional cover for stocktake
S107707,relief_no_show,no relief. stayed. someone must pls sort the roster
S106277,colleague_no_show,"Fourie didnt come in, covered the post"
S108049,client_requested,"client wanted extra man on the gate for the event, approved"
S101735,nothing_useful,as per normal
S103842,stood_in_unspecified,"took Radebe shift as well, 2 posts 1 guard"
S100398,colleague_sick_or_leave,"double duty today, adams on family responsibility leave"
S100319,client_requested,"client asked us to stay for the delivery, ok'd by centre mgmt"
S108777,nothing_useful,no incidents
S106576,relief_no_show,"control room says relief coming, nobody came"
S108538,nothing_useful,nothing to report
S106370,client_requested,"stocktake ran over, client asked us to remain, they know they pay for it"
S107336,client_requested,"client wanted extra man on the gate for the event, approved"
S106801,stood_in_unspecified,"took Sibiya shift as well, 2 posts 1 gurad !"
S100331,late_handover,"late handover, waitting on paperwork.."
S101887,client_requested,extra hrs approved by client for the event setup..
S100525,client_requested,"requested by centre management for load in, signed off"
S102246,relief_no_show,"next shift akafikanga, ngihlale kuze kube six"
S108330,nothing_useful,ok
S105314,colleague_no_show,"khumalo didnt comme in, covered the post"
S103111,client_requested,"requested by centre management for load in, signed off"
S106974,colleague_sick_or_leave,covering for wyk - booked off sck
S102866,relief_no_show,"aflos het nie opgedaag nie, moes aanbly"
S101384,stood_in_unspecified,stod in for Sithole
S106096,colleague_no_show,"ufourie akezanga namhlanje, ngimele yena"
S107944,client_requested,"requested by centre management for load in, signed off"
S101166,client_requested,klient het ekstra ure gevra vir stocktake
S104424,nothing_useful,all quiet
S102408,late_handover,"wated 40 min for handover, OB book not signed"
S106818,nothing_useful,.
S107060,stood_in_unspecified,Covered for Botha again - 3rd time this month..
S100307,client_requested,"additional cover requested by site mgr, signed off"
S103057,nothing_useful,no incidents
S106569,colleague_sick_or_leave,"gedek vir Mokoena, siek gemeld.."
S100134,late_handover,"waited 20 min for handover, OB book not signed"
S100649,client_requested,Client requested deep clean before the audit - approved
S102054,client_requested,kllient het ekstra ure gevra vir stocktake
S106281,stood_in_unspecified,Covred for Mavuso again - 3rd time this month
S105582,equipment_failure,"generator fault, stayed to monitor"
S103702,stood_in_unspecified,stood in for Mokoena
S100773,nothing_useful,as per normal
S103475,nothing_useful,all good
S101458,colleague_no_show,"COVERING MAHLANGU POST, NO SHOW NO CALL"
S108745,late_handover,"late handover, waiting on paperwork"
S108265,relief_no_show,no relief. stayed. someone mut please sort the roster
S107404,nothing_useful,n/a
S107077,stood_in_unspecified,stood in for Sibiya
S105755,equipment_failure,"lift out of order, everything carried up stairs, took loong"
S106286,late_handover,"late handover, waiting on paperwork"
S106440,relief_no_show,"next shift akafikanga, ngihlale kuze kube six"
S102086,nothing_useful,all quiet
S103486,colleague_sick_or_leave,"worked through, Wyk at the clinic"
S103158,late_handover,"waited 25 min for handover, OB book not signed"
S102971,client_requested,extra hours approved by client for the event setup
S101051,nothing_useful,fine
S105647,client_requested,Client asked for extra patrol after the break-in Tuesday
S101820,colleague_no_show,"covering Ngcobo post, no show no call"
S101768,equipment_failure,"generator fault, stayed to monitor"
S106091,colleague_sick_or_leave,"worked through, mavuso at the clinic"
S105295,nothing_useful,n/a
S107709,relief_no_show,no relief. stayed. someone must please sort the roster
S107617,late_handover,"handover lae again, keys missing"
S103039,late_handover,"waited 50 min for handover, OB book not signed"
S101609,colleague_no_show,"covering Cele post, no show no call"
S109137,client_requested,extra hours approved by client for the event setup
S105287,nothing_useful,as per normal
S105958,nothing_useful,quiet shift
S109346,nothing_useful,all good
S108892,colleague_sick_or_leave,"worked through, Sibiya at the clinic"
S107950,late_handover,"handover late again, keys missiing"
S108035,client_requested,"client wanted extra man on the gate for the event, approved"
S102930,client_requested,"additional cover requested by site manager, signed off"
S107017,nothing_useful,niks om te rapporteer nie
S101524,relief_no_show,"control room says relief coming, nobody camme"
S106728,relief_no_show,"nexxt shift akafikanga, ngihlale kuze kube 06h00"
S106394,client_requested,klient het ekstrra ure gevra vir stocktake
S104415,stood_in_unspecified,Covered for Mthembu agn - 3rd time this month
S103765,client_requested,"extra patrol per client email, approved by office"
S100558,client_requested,"requested by centre management for load in, signed off"
S103614,client_requested,"additional cover requested by site manager, signed off"
S105922,stood_in_unspecified,Covered for Wyk again - 3rd time this month..
S106407,colleague_sick_or_leave,Naidoo off sick. again. covered.
S101313,nothing_useful,sharp
S106100,late_handover,"waited 50 min for handover, ob book not signed"
S101614,relief_no_show,"aflos het nie opgedaag ne, moes aanbly"
S105641,colleague_sick_or_leave,"double dutty today, molefe on fmaily responsibility leave.."
S104433,equipment_failure,"lift out of order, everything carried up stairs, took long"
S100057,nothing_useful,sharp
S101497,nothing_useful,n/a
S105204,equipment_failure,"buffer machine kaput, did the floor by hand"
S108450,client_requested,"extra patrol per client email, approved by office"
S105609,client_requested,Client asked for extra patrol after the break-in Tuesday
S100795,nothing_useful,-
S104407,relief_no_show,"relief only arrived 0600, stayed until then"
S105854,nothing_useful,ntr
S107175,nothing_useful,no incidents
S107368,client_unconfirmed,"client says sttay till six, dont know if office approved"
S101748,client_requested,Centre manager requested additional cover for stocktake
S104326,client_requested,"stocktake ran over, client asked us to remain, they know they pay for it"
S108683,client_requested,"additional cover requested by site manager, signed off"
S105737,nothing_useful,fine
S109177,nothing_useful,ok
S107873,colleague_sick_or_leave,Sibiya off sick. agn. covered.
S100114,late_handover,"waited 25 min for handover, ob book not signed"
S103831,colleague_no_show,"uWyk akezanga namhlanje, ngimele yena"
S102079,nothing_useful,all good
S104665,client_requested,Client asekd for extra patrol after the break-in Tuesday
S105651,late_handover,"oorhandiging was lata, gewag vir sleutels"
S100389,equipment_failure,"masjien is stukkedn, alles met die hand gedoen.."
S107711,late_handover,SHIFT HANDOVER DELAYED BY 40 MIN
S108496,nothing_useful,no incidents
S106753,stood_in_unspecified,"took botha shift as well, 2 posts 1 guard"
S103779,relief_no_show,"control room says relief coming, nobody came"
S105658,client_requested,Client requested deep clean befre the audit - approved
S106880,client_requested,"extra patrol per client email, approved by ofice"
S100276,late_handover,"late handover, waiting on paperwork"
S106220,client_requested,Client requested deep clean before the audit - approved
S107418,nothing_useful,all quiet
S104901,equipment_failure,"generator fault, stayed to monitor"
S107297,relief_no_show,double shift because relief never pitched
S108899,equipment_failure,"masjien is stukkend, alles met die hand gedoen"
S102709,nothing_useful,-
S107372,colleague_no_show,"uNgcobo akezanga namhlanje, ngimele ynea"
S109370,relief_no_show,"still on site, relief was suppose to come 06:00"
S109272,equipment_failure,"generator fault, stayed to monitor"
S103799,relief_no_show,"relief never arrived, stayed on till 06h00"
S104108,relief_no_show,next shift guard did not pitch. had to cover..
S102977,colleague_sick_or_leave,"gedek vir Mthembu, siek gemeld !"
S103868,client_requested,"requested by centre management for load in, signed off"
S107802,nothing_useful,.
S104312,nothing_useful,.
S107243,colleague_sick_or_leave,"worked through, Sibiya at the clinic"
S100325,client_requested,klient het ekstra ure gevra vir stocktake
S101773,client_unconfirmed,"client says stay till 06h00, dont know if office approved"
S108846,late_handover,"handover late agn, keys missing"
S101203,colleague_sick_or_leave,"gedek vir Mthembu, siek gemeld"
S106597,client_unconfirmed,"client says stay till 06h00, dont know if office approved"
S101888,relief_no_show,no relief. stayed. someone mut please sort the roster..
S107461,relief_no_show,"aflos het nie opgedaag nie, moes aanly"
S106344,colleague_no_show,"umaluleke akezanga namhlanje, ngimele yeena"
S109397,nothing_useful,fine
S105504,client_requested,"client asked us to stay for the delivery, ok'd by centre mgmt"
S102288,client_requested,extra hrs approved by client for the event setup
S104628,colleague_sick_or_leave,Covering for Adams - booked off sick
S106519,relief_no_show,no relief. stayed. someone must please sort the roster
S104644,nothing_useful,niks om te rapporteer nie
S100172,colleague_no_show,"uSibiya akezanga namhlanje, ngimele yena"
S108096,relief_no_show,RELIEF NO SHOW AGAIN
S103599,late_handover,shift handover deelayed by 40 min !
S108176,client_requested,"stocktake ran over, client asked us to remain, they know they pay for it"
S105643,late_handover,"handover late again, keys missing"
S101740,client_requested,extra hrs approved by client for the event setup
S102995,nothing_useful,as per normal
S104319,colleague_no_show,"Tshabalala absent, took her rounds as well"
S106228,client_requested,"extra patrol per client email, approved by office"
S107960,colleague_no_show,"covering Naidoo post, no show no call"
S104406,late_handover,"oorhandiging was laat, gewag vir sleutels"
S103004,client_requested,"requested by centre managemennt for load in, signed off !"
S104421,equipment_failure,"scrubber broke down, had to do the floor manually"
S103392,relief_no_show,"next shift akafikanga, ngihlale kuze kube 6.."
S101089,equipment_failure,"masjien is stukkend, ales met die hand gedoen !"
S107862,equipment_failure,"lift out of order, everything carried up stairs, took long"
S100345,colleague_no_show,"uMahlangu akezanga namhlanje, ngimele yena"
S106623,colleague_sick_or_leave,"double duty today, Hendricks on family responsibility leave"
S108674,client_unconfirmed,"client says stay till 0600, dont know if office approved"
S108192,client_requested,"stocktake ran over, client asked us to remain, they know they pay for it"
S104689,colleague_no_show,"Maluleke didnt come in, covered the post"
S104878,colleague_sick_or_leave,"double duty today, Jacobs on family responsibility leae.."
S108196,client_requested,"client wanted extra man on the gate for the event, approved !"
S107497,colleague_sick_or_leave,"double duty today, Motaung on family responsibility leave"
S103401,relief_no_show,no relief. stayed. someone must please sort the roster
S100710,relief_no_show,"no replacment sent, ngicela sort this out"
S105319,colleague_sick_or_leave,"double duty today, Sibiya on family responsibility leave"
S103592,relief_no_show,"relief only arrived sxi, stayed until then.."
S108446,client_requested,kliennt het ekstra ure gevra vir stocktake
S107986,client_requested,"extra patrol per client email, approved by office"
S106383,colleague_no_show,"ungcobo akezanga namhlanje, ngimele yena"
S109100,client_requested,"client wanted extra man on the gate for the event, approved"
S104885,late_handover,"late handover, waiting on paperwork !"
S103044,relief_no_show,double shift bc relief never pitched
S105817,nothing_useful,ok
S103443,equipment_failure,"lift out of order, everything carried up stairs, took long"
S105267,equipment_failure,"bfufer machine kaput, did the floor by hand"
S106432,late_handover,"oorhandiging was laat, gewag vir sleutels"
S107698,relief_no_show,"no replacement sent, ngicela sort this out"
S106374,client_requested,Centre mgr requested additional cvoer for stocktake
S107985,stood_in_unspecified,stood in for zulu
S105143,equipment_failure,"lift out of order, everything caried up stairs, took long"
S105302,colleague_sick_or_leave,"double duty today, Fourie on famiy responsibility leave"
S101859,client_requested,klient het ekstra ure gevra vir stocktake
S100868,nothing_useful,ntr
S100269,relief_no_show,no relief. stayed. someone must please sort the roster
S108858,colleague_no_show,"botha didnt come in, covered the post.."
S108494,client_unconfirmed,"client says stay till 6, dont kow if office approved"
S100283,late_handover,"oorhandiging was laat, gewag vir sleutles !"
S108586,late_handover,"handover latte again, keys missing"
S100771,stood_in_unspecified,Covered for Fourie again - 3rd time this month..
S105780,nothing_useful,ntr
S104883,nothing_useful,ok
S107995,stood_in_unspecified,stood in for mabaso
S106316,client_requested,extra hrs appproved by client for the event setup
S103446,equipment_failure,"generator fault, stayed to monitor"
S100535,equipment_failure,"generator falut, stayed to monitor"
S107049,equipment_failure,"lift out of order, everything carried up stairs, took long"
S102839,relief_no_show,"aflos het nie opgedaag nie, moes aanblly"
S103610,relief_no_show,no relief. stayed. someone must please sort the roster
S104382,nothing_useful,niks om te rapporteer nie
S108357,colleague_no_show,"covering Ndlovu post, no show no call"
S103685,equipment_failure,"generator fault, stayd to monitor"
S106148,late_handover,"handover late again, keys missing"
S102498,nothing_useful,ntr
S107042,colleague_no_show,"covering Molefe post, no show no call"
S104646,client_requested,"stocktake ran over, client asked us to remain, they know they pay for it"
S101526,colleague_sick_or_leave,"worked throuugh, September at the clinic"
S107967,relief_no_show,"waited for releif, nobody came through"
S107549,nothing_useful,
S105630,late_handover,shift handover delayed by 30 min
S105327,colleague_sick_or_leave,Covering for Botha - booked off sick
S108130,client_requested,"additional cover requested by site mgr, signed off"
S106201,nothing_useful,-
S106899,colleague_no_show,"uMokoena akezanga namhlanje, ngimele yena"
S107524,colleague_sick_or_leave,"double duty today, Sibiya on family responsibility leave"
S103153,colleague_sick_or_leave,"worked through, Sibiya at the clinic"
S104338,colleague_no_show,"Nkosi didnt come in, covered the post"
S100724,client_requested,"client wanted extra man on the gate for the evvent, approved !"
S104648,nothing_useful,.
S104083,colleague_no_show,"september absent, took her rounds as well"
S107344,late_handover,"handover late agn, keys missing"
S103612,late_handover,shift hadnover delayed by 30 min
S102378,client_requested,"client waned extra man on the gate for the event, approved"
S106888,late_handover,"oorhandiging was laat, gewag vir sleutels"
S105165,relief_no_show,"aflos het nie opgedaga niie, moes anbly"
S105888,client_requested,klient het ekstra ure gevra vir stocktake..
S102710,colleague_no_show,"tshabalala absent, took her rounds as well"
S106661,late_handover,"waited 30 min for handover, OB book not signed.."
S102302,colleague_sick_or_leave,"gedek vir Adams, siek gemeld"
S107989,relief_no_show,"control room says relief comin, nobody came"
S105809,relief_no_show,"control room says relief coming, nobody came !"
S103143,stood_in_unspecified,stood in for Baloyi
S102309,nothing_useful,all good
S107728,stood_in_unspecified,stood in for Maluleke
S107898,relief_no_show,"relief only arrived 6am, stayed until then"
S106422,late_handover,"late handover, waiiting on paperwork"
S106283,client_requested,extra hrs approved by client for the event setup
S106415,equipment_failure,"masjien is stukkend, alles met die hand gedoen"
S106276,nothing_useful,nothing to report
S103020,colleague_sick_or_leave,Botha off sick. agn. covered.
S108204,client_requested,klient het ekstra ure gevra vir stocktake
S101096,stood_in_unspecified,"tok Botha shift as well, 2 posts 1 guard"
S105634,client_requested,"requested by centre management for load in, signed off"
S101833,colleague_no_show,"uhendrciks akezanga namhlanje, ngimele yena.."
S108364,client_requested,"additional cover requested by site manager, signed off"
S103068,colleague_no_show,"Wyk didnt coome in, covered the post"
S101059,colleague_sick_or_leave,"WORKED THROUGH, SIBIYA AT THE CLINIC.."
S100360,equipment_failure,"gate motor failed, manned it by hand tilll 0600.."
S102441,colleague_sick_or_leave,covering for maluleke - booked off sick
S105488,nothing_useful,akukho lutho
S107400,nothing_useful,all fine
S102824,relief_no_show,"control room says relief coming, nobody came"
S107235,nothing_useful,nothing to report
S106874,colleague_no_show,"baloyi didnt come in, covered the post"
S106788,client_requested,"additional cover requested by site mgr, signed off"
S107521,relief_no_show,"relief only arrived 06:00, stayyed until then"
S107155,nothing_useful,quiet shift
S107308,nothing_useful,all good
S107072,relief_no_show,"still on site, relief was suppose to come six !"
S101898,colleague_no_show,"Sibiya didnt come in, covered the post"
S104077,stood_in_unspecified,"took Ngcobo shift as well, 2 posts 1 guard"
S102140,equipment_failure,"scrubber broke down, had to do the floor manually"
S106906,relief_no_show,next shift guard did not pitch. had to cover..
S106659,colleague_no_show,"Wyk absent, took her rounds as well"
S108596,nothing_useful,all fine
S109349,nothing_useful,n/a
S104858,colleague_sick_or_leave,Covering for Ngcobo - booked off sick
S100523,relief_no_show,relief no show AGAIN
S104204,colleague_no_show,"covering molefe post, no show no call"
S103595,colleague_no_show,"umolefe akezanga namhlanje, ngimele yena"
S108047,nothing_useful,all quiet
S109308,colleague_no_show,"uZulu akezanga namhlanje, ngimele yena"
S105050,stood_in_unspecified,stood in for Pillay..
S106433,client_requested,extra hrs approved by client for the event setup
S103585,relief_no_show,no relief. stayed. someone must pls sort the roster
S100972,nothing_useful,all quiet
S102704,nothing_useful,ntr
S105748,colleague_no_show,"Mavuso didnt come in, covered the post.."
S109111,nothing_useful,
S102010,late_handover,shift hanndover delayed by 30 min
S105626,colleague_no_show,"covering Mahlangu post, no show no call"
S101392,late_handover,"handover late again, keys missing"
S107771,nothing_useful,-
S104924,colleague_no_show,"Naidoo absent, tok her roudns as well"
S100849,nothing_useful,no issues on site
S107541,nothing_useful,fine
S103960,relief_no_show,"no replacement sent, ngicela sort this out"
S102399,colleague_sick_or_leave,"worked through, Molefe at the clinic"
S104498,client_requested,"requested by centre management for load in, signed off"
S100311,relief_no_show,no relief. stayed. someone must please sort the roster..
S107355,colleague_sick_or_leave,Covering for Naidoo - booked off sick..
S105207,nothing_useful,sharp
S102913,nothing_useful,quiet shift
S104834,nothing_useful,n/a
S104231,late_handover,"oorhandiging was laat, gewag vir sleutels"
S104030,relief_no_show,"waited for relief, nobody came through"
S100774,client_requested,Centre manager requested additional cover for stocktake
S101839,nothing_useful,quiet shift
S102944,nothing_useful,n/a
S103411,client_requested,ceentre manager rqeuested additional cover for stocktake
S108179,colleague_no_show,"Motaung didnt come in, covered the post"
S106154,late_handover,"waited 20 min for handover, ob book not signed !"
S106133,stood_in_unspecified,stood in for Wyk
S103061,equipment_failure,"generator fault, stayed to monitor.."
S100584,relief_no_show,"still on site, reelief was suppose to come 06:00"
S101099,late_handover,"oorhandiging was laat, gewag vir sleutels"
S105363,colleague_no_show,"uJacobs akezanga namhlanje, ngimele yena"
S103710,late_handover,shift handover delayed by 20 min
S108037,equipment_failure,"lift out of order, everything carried up stairs, took long"
S105002,client_requested,Clint requsted deep clean before the audit - approved
S100043,nothing_useful,nothing to report
S102847,client_requested,etxra hrs approved by client for the event setup
S106613,nothing_useful,sharp
S105431,stood_in_unspecified,stood in for Nkosi
S107244,late_handover,"waited 25 min for handover, OB book not signed"
S107699,nothing_useful,no incidents
S106140,nothing_useful,sharp
S106965,client_requested,"requested by centre maangement for load in, signed off"
S108481,nothing_useful,ntr
S106021,client_requested,Client asked for extra patrol after the break-in Tuesdaay
S107465,nothing_useful,fine
S104653,equipment_failure,"buffer machine kaput, did the floor by hand"
S103535,nothing_useful,all quiet
S101987,nothing_useful,quiet shift
S108585,colleague_sick_or_leave,"worked through, Adams at the clinic"
S108003,colleague_no_show,"covering Hendrricks post, no show no call"
S108898,colleague_no_show,"ujacobs akezanga namhlanje, ngimele yena"
S100600,colleague_sick_or_leave,Covering for Mavuso - booked off sick
S102555,colleague_sick_or_leave,"gedek vir molefe, siek gemeld.."
S104010,stood_in_unspecified,"took Ndlovu shift as well, 2 psots 1 guard"
S103664,nothing_useful,.
S100894,client_unconfirmed,"cliennt says stay till 6, dont know if office approved.."
S109246,nothing_useful,fine
S103010,client_requested,Centre mgr requested additional cover for stocktake..
S102008,colleague_sick_or_leave,"worked through, Naidoo at the clinic"
S106263,equipment_failure,"gate motor failed, manned it by hand till 06:00"
S100576,stood_in_unspecified,Covered for Mokoena agn - 3rd time this month
S100488,nothing_useful,fine
S107977,late_handover,"late hanover, wating on paperwork"
S100274,nothing_useful,n/a
S103348,client_requested,Centre manager requested additional cover for stocktake
S103560,nothing_useful,all good
S103409,stood_in_unspecified,covered for khumalo again - 3rd time this month
S108084,late_handover,"late handover, waiting on paperwork"
S102102,nothing_useful,as per normal
S102296,nothing_useful,n/a
S102234,nothing_useful,no incidents
S106403,stood_in_unspecified,"took molefe shift as well, 2 posts 1 guard"
S102186,relief_no_show,relief no show AGAIN
S104964,client_unconfirmed,"client says stay till 06h00, dont know if office approved"
S105846,colleague_no_show,"Cele absent, took her rounds as well"
S108065,colleague_no_show,"Jacobs didnt come in, covered the post"
S107516,nothing_useful,
S105839,late_handover,"late handover, waiting on paperwork"
S105619,nothing_useful,sharp
S102607,client_requested,extra hours approved by client for the eent setup..
S101094,nothing_useful,.
S108677,client_requested,"stocktake ran over, client asked us to remain, they know they pay for it.."
S103485,nothing_useful,nothing to report
S102391,equipment_failure,"masjien is stukkend, alles met die hand gedoen.."
S106343,nothing_useful,ntr
S100444,nothing_useful,quiet shift
S103629,nothing_useful,quiet shift
S102490,nothing_useful,all fine
S107573,nothing_useful,-
S106955,colleague_sick_or_leave,maluleke off sick. again. covered.
S102351,late_handover,"handover late again, keys missing"
S107970,stood_in_unspecified,Covered for Fourie again - 3rd time this month
S102872,nothing_useful,.
S103390,colleague_sick_or_leave,Mavuso off sick. again. covered.
S103663,relief_no_show,Next sift guuard did not pitch. Had to cover
S108607,nothing_useful,ok
S107110,colleague_sick_or_leave,"double duty today, Maluleke on family responsibility leave"
S108272,relief_no_show,"aflos het nie opgedaag nie, moes aanbly.."
S101015,relief_no_show,"waited for relief, nobody caem throuhg"
S105970,equipment_failure,"generator fault, stayed to monitor"
S102398,nothing_useful,fine
S100890,stood_in_unspecified,COVERED FOR FOURIE AGAIN - 3RD TIME THIS MONTH
S108525,nothing_useful,.
S101514,relief_no_show,"control room says relief coming, nobody came"
S103076,relief_no_show,"stlil on site, relief was suppose to comme 6am"
S106703,client_requested,Client asked for extra patrol affter the break-in Tuesday
S105099,relief_no_show,"next shift akafikanga, ngihlale kuze kube 06:00"
S101736,stood_in_unspecified,"tok bothha shift as wlel, 2 posts 1 guard"
S100768,late_handover,"handover late agn, keys missing"
S103771,equipment_failure,"scrubber broke down, had to do the floor manually"
S108483,colleague_sick_or_leave,Covering for Molefe - booked off sick
S107757,nothing_useful,
S100188,colleague_sick_or_leave,"worked through, Wyk at the clinic"
S102703,nothing_useful,as per normal
S100541,nothing_useful,n/a
S103562,late_handover,"waitde 40 min for handover, OB book not signed"
S109114,colleague_sick_or_leave,Covering for Sibiya - booked off sick
S100401,equipment_failure,"masjien is stukkend, alles met die hand gedoen"
S107329,colleague_no_show,"covering jacobs post, no show no call"
S106542,colleague_no_show,"covering Ndlovu post, no show no call"
S106384,client_requested,Centre manager requested additional cover for stocktake
S108050,late_handover,"oorhandiging was laat, gewag vir sleutels"
S104560,relief_no_show,"still on site, relief was suppose to come 06h00"
S104444,relief_no_show,"relief only arrived six, stayed until then"
S101563,colleague_sick_or_leave,Mokoena off sick. again. covered.
S107377,nothing_useful,sharp
S105447,nothing_useful,all fine
S109353,colleague_no_show,"FOURIE DIDNT COME IN, COVERED THE POST"
S103389,late_handover,shift handover delayed by 25 min
S100108,nothing_useful,niks om te rapporteer nie
S108169,client_requested,CLIENT REQUESTED DEEP CLEAN BEFORE THE AUDIT - APPROVED
S105080,client_unconfirmed,"client says stay till 6am, dont know if office approved"
S108856,relief_no_show,no relief. stayed. someone must please sort the roster
S105331,colleague_no_show,"tshabalala didnt come in, covered the post"
S105996,nothing_useful,akukho lutho
S106246,client_requested,"extra patrol per client email, approved by office"
S109266,stood_in_unspecified,stood in for Jacobs
S103118,client_requested,KLIENT HET EKSTRA URE GEVRA VIR STOCKTAKE
S103564,client_requested,Client asked for extra patrol after the break-in Tuesday
S106895,stood_in_unspecified,COVERED FOR NAIDOO AGAIN - 3RD TIME THIS MONH
S104664,equipment_failure,"gate motor failed, manned it by hand till 6am"
S104110,colleague_no_show,"Mahlangu didnt come in, covvered the post"
S102815,client_requested,Client requested deep clean before the audit - approved..
S106531,relief_no_show,reliief no show AGAIN
S105761,equipment_failure,"scrubber broke down, had to do the floor manually !"
S104827,nothing_useful,fine
S109104,colleague_no_show,"covering ncobo post, no show no call"
S101256,nothing_useful,no incidents
S108577,nothing_useful,fine
S107482,colleague_no_show,"covering tshabalala post, no show no call"
S102168,client_requested,"requested by centre management for load in, signed off"
S108588,colleague_no_show,"Mokoena didnt come in, covered the post"
S102903,nothing_useful,fine
S107590,nothing_useful,
S107990,relief_no_show,Next shift guard did not pitch. Had to cover.
S104917,client_requested,"client wantde extra man on the gate for the event, approved"
S106054,nothing_useful,n/a
S106651,colleague_no_show,"covering mavuso post, no show no call"
S105903,nothing_useful,n/a
S108918,equipment_failure,"gate motor failed, manned it by hand till six"
S103566,nothing_useful,fine
S100580,equipment_failure,"scrubber broke down, had to do the floor manually !"
S102756,nothing_useful,no incidents
S108062,colleague_no_show,"uBotha akezanga namhlanje, ngimele yena"
S102048,nothing_useful,all quiet
S101479,stood_in_unspecified,stood in for mavuso !
S100486,relief_no_show,"waited for relif, noody came through"
S100254,client_requested,klient het ekstra ure gevra vir stocktake
S103600,client_requested,"requested by centre management for load in, signed off"
S109196,nothing_useful,ok
S104748,relief_no_show,"next shift akafikanga, ngihlale kuze kube 6.."
S104029,late_handover,"handover late again, keys missing"
S107997,late_handover,"waited 25 min for handover, OB book not signed"
S101101,equipment_failure,"buffer machine kaput, did the floor by hand"
S106368,stood_in_unspecified,"took Mthembu sift as well, 2 posts 1 guard"
S100650,late_handover,"hanodver late again, keys missing"
S102313,equipment_failure,"scrubber broke dow, had to do the floor manually"
S105832,relief_no_show,no relief. stayed. someone must pleasse sort the roster
S106260,colleague_no_show,"Fourie absent, took her rounds as well"
S102468,colleague_sick_or_leave,"gedek vir Sibiya, siek gmeld !"
S103572,relief_no_show,"still on site, relief was suppose to come 6am"
S105038,colleague_no_show,"covering Khumalo poost, no show no call"
S108041,stood_in_unspecified,stood in for Sibiya
S105104,client_unconfirmed,"client says stay till 6am, dont know if office approved"
S106517,colleague_no_show,"covering Ngcobo post, no show no call"
S103677,client_requested,"EXTRA PATROL PER CLIENT EMAIL, APPROVED BY OFFICE"
S108890,colleague_no_show,"coverng Mokoena post, no show no call"
S104902,stood_in_unspecified,"took Zulu shift as well, 2 posts 1 guard"
S106815,colleague_no_show,"uKhumalo akezanga namhlanje, ngimele yena"
S106110,equipment_failure,"scrubber broke down, had to do the floor manually"
S103096,relief_no_show,"still on site, relief was suppose to come 0h600"
S103034,client_requested,Client asked for extra patrol after the break-in Tuesday
S100272,client_requested,"extra patrol per client email, approved by office"
S109168,stood_in_unspecified,"took radebe shift as well, 2 posts 1 guard"
S106426,colleague_no_show,"sibiya didnt come in, covered the post"
S106302,late_handover,"oorhandiging was laat, gewag vir sleutels.."
S101930,equipment_failure,"buffer machine kaput, did the floor by hand"
S104426,colleague_no_show,"Jacobs ddnt come in, covered the post"
S100225,nothing_useful,n/a
S102621,nothing_useful,all good
S105134,nothing_useful,fine
S106959,late_handover,shift handover delayed by 30 min
S100776,client_requested,"client wanted extra man on the gate for the event, approved"
S107712,relief_no_show,relief no show AGAIN
S101017,nothing_useful,akukho lutho
S103042,colleague_sick_or_leave,Covering for Adams - booked off sick
S101783,colleague_no_show,"Mthembu absent, took her rounds as well"
S101489,colleague_no_show,"KHUMALO ABSENT, TOOK HER ROUNDS AS WELL"
S101625,client_requested,klient het ekstra ure gevra vir stocktake
S106255,nothing_useful,nothing to report
S100111,nothing_useful,no issues on site
S101389,client_requested,"requested by centre management for load in, signed off"
S101594,colleague_sick_or_leave,Covering for Motaung - booked off sick
S108714,nothing_useful,.
S101860,late_handover,"oorhandiging was laat, gewag vir sleutels"
S104813,client_requested,"client wanted extra man on the gate for the event, approved"
S102738,relief_no_show,"no replacement sen, ngicela sort this out"
S102457,colleague_sick_or_leave,"GEDEK VIR TSHABALALA, SIEK GEMELD"
S109258,nothing_useful,n/a
S104065,client_requested,klient het ekstra ure gevra vir stocktake
S106134,client_requested,klient het ekstra ure gevra vir stokctake
S104737,nothing_useful,ntr
S108111,equipment_failure,"lift out of order, everything carried up stairs, took long"
S107379,colleague_no_show,"uTshabalala akezanga namhlanje, ngimele yena"
S105790,client_requested,extra hours approved by client for the event setup
S101975,client_requested,centre mgr requested additional cover for socktake
S103015,client_requested,"requested by centre management for load in, signed off"
S108376,relief_no_show,"relief only arrived six, stayed until then"
S107834,nothing_useful,sharp
S105111,nothing_useful,no incidents
S102752,client_requested,"requested by centre management for load in, signed off"
S104303,colleague_no_show,"umavuso akezanga namhlaje, ngimele yena"
S101503,colleague_sick_or_leave,"double duty today, Mabaso on family responsibility leave"
S107725,nothing_useful,
S106111,stood_in_unspecified,COVERED FOR MOLEFE AGAIN - 3RD TIME THIS MONTH
S103023,nothing_useful,niks om te rapporteer nie
S100589,stood_in_unspecified,stood in for Mavuso
S100308,colleague_no_show,"UBOTHA AKEZANGA NAMHLANJE, NGIMELE YENA.."
S104634,stood_in_unspecified,covered for ngcobo again - 3rd time this month
S106676,client_requested,Centre mgr requested additional cover for stocktake
S101329,late_handover,"late handover, waiting on ppaerwork.."
S103782,nothing_useful,.
S100173,relief_no_show,relief no show AGAIN
S103024,stood_in_unspecified,stood in for Fourie
S104314,equipment_failure,"buffer machine kaput, did the floor by hand"
S101799,stood_in_unspecified,"took Wyk shfit as well, 2 posts 1 guard"
S106226,late_handover,"oorhandiging was laat, gewag vir sleutels"
S101914,client_requested,"client wanted extra man on the gate for the event, approved"
S103983,nothing_useful,ok
S100260,client_requested,"requested by centre management for laod in, siigned off"
S106095,relief_no_show,relief no show AGAIN..
S104101,relief_no_show,double shift because relief nevre pitched !
S102185,equipment_failure,"gate motor faied, manned it by hand till 06:00"
S101029,nothing_useful,all quiet
S106177,nothing_useful,niks om te rapporteer nie
S101540,relief_no_show,"relief never arriived, stayed on till 6am.."
S103555,colleague_sick_or_leave,Covering for Mabaso - booked off sick
S100187,late_handover,"late handover, waiting on paperwork.."
S100994,late_handover,shift handover delayed by 30 min
S108396,nothing_useful,akukho lutho
S108964,equipment_failure,"macine down again, took twice as long.."
S105197,client_requested,Client asked for extra patrol after the break-in Tuesday
S108086,equipment_failure,"generator fault, stayed to monitor.."
S104812,colleague_sick_or_leave,"gedek vir Wyk, siek gemeld"
S103937,client_requested,"client asked us to stay for the delivery, ok'd by centre mgmt"
S108875,nothing_useful,all quiet
S109345,late_handover,"waited 25 min for handover, OB book not signed"
S103752,stood_in_unspecified,stood in for Ndlovu
S105864,nothing_useful,all good
S103788,client_requested,"additional cover requested by site manager, signed off"
S108707,client_requested,extra hours approved by client for the event setup..
S105904,late_handover,"waited 45 min for handover, OB book not signed"
S108183,colleague_sick_or_leave,"double duty today, Radebe on family responsibility leave"
S106897,client_requested,client asked for extra patrol after the break-in tuesday
S101626,relief_no_show,"control room says relief coming, nobody came.."
S108720,stood_in_unspecified,"took botha shift as welll, 2 posts 1 guard"
S100151,relief_no_show,"no replacement sent, ngicla sort this out"
S108351,client_requested,Client asked for extra patrol after the break-n Tuesday
S101876,colleague_sick_or_leave,"gedek vir Sibiya, siek gemeld"
S107598,colleague_sick_or_leave,"double dtuy today, Mabaso on family responsibility leave"
S101611,client_requested,"additional cover requested by site manager, signed off"
S100686,colleague_sick_or_leave,"double dtuy today, sibiya on family responsibility leave.."
S105135,nothing_useful,ntr
S105437,late_handover,"late handoverr, waiting on paperwork.."
S107612,late_handover,shift handover delayed by 30 min
S105334,client_requested,"client asked us to stay for the delivery, ok'd by centre mgmt"
S107907,relief_no_show,"relief only arrived 0600, stayed until then"
S100176,relief_no_show,relief no show AGAIN
S105236,nothing_useful,quiet shift
S102422,nothing_useful,fine
S106865,late_handover,"waited 40 min for handover, OB book not signed"
S109275,relief_no_show,"next shift akafikanga, ngihlale kuze kbue 0600"
S101634,client_requested,"client wanted extra man on the gate for the event, approved"
S103504,nothing_useful,-
S108589,equipment_failure,"gate motor failed, manned it by hand till 6am"
S107748,colleague_sick_or_leave,Covering for Raddebe - booked off sick
S100722,relief_no_show,"no replacement sent, ngiceela sort thiis out"
S106105,client_requested,"client wanted extra man on the gate for the event, approved"
S108840,client_requested,Client asked for extra patrol after the break-in Tuesday
S104494,nothing_useful,all good
S104059,late_handover,"handover late agn, keys missing"
S107987,relief_no_show,"control room says relief coming, nobody came"
S105786,client_requested,"client asked us to stay for the delivery, ok'd by centre mgmt !"
S101880,equipment_failure,"generator fault, stayed to monitor"
S103591,client_unconfirmed,"client says stay till 06h000, dont know if office approved"
S107064,equipment_failure,"generator fault, stayed to monitor"
S100258,stood_in_unspecified,"took Zulu shift as well, 2 posts 1 guard"
S101493,client_requested,"extra patrol per client email, approved by ofice.."
S108173,colleague_no_show,"jacobs didnt come in, covered the psot"
S107362,equipment_failure,"gate motor failed, manned it by hand till 6am"
S106155,relief_no_show,"relief only arrived 06h00, stayed until then.."
S105417,colleague_no_show,"covering Baloyi post, no show no call"
S107630,nothing_useful,ok
S101106,colleague_sick_or_leave,"gedek vir sibiya, siek gemeld"
S104193,nothing_useful,quiet shift
S100708,relief_no_show,relief no show AGAN
S100746,colleague_sick_or_leave,covering for mthembu - booked off sick
S104863,late_handover,"handover late again, keys missing"
S104353,nothing_useful,quiet shift
S108312,equipment_failure,"lift out of order, everything carried up stairs, took long"
S107015,late_handover,shift handover delayed by 25 min
S105321,equipment_failure,"generator fault, stayed to monitor"
S101345,late_handover,"oorhandiging was laat, gewag vir sleutels.."
S105442,nothing_useful,niks om te rapporteer nie
S109354,late_handover,"late handover, waiting on paperwork"
S106794,nothing_useful,as per normal
S108276,equipment_failure,"machine down agn, toook twice as long"
S105716,relief_no_show,no relief. stayed. someone must pls sort the roster
S107347,colleague_no_show,"covering Mabaso pst, no show no call"
S109303,stood_in_unspecified,"took Molefe shift as well, 2 posts 1 guard"
S106462,client_requested,"stocktake ran over, client asked us to remain, they know they pay for it"
S107420,late_handover,"waited 30 min for handover, OB book not signed.."
S108102,client_requested,"requested by centre management for load in, signed off"
S104907,equipment_failure,"machine down ang, took twice as long.."
S104285,client_requested,Client requested deep clean bfore the audit - approved
S106215,late_handover,"late handover, waiting on paperwork"
S106269,colleague_no_show,"Radebe didnt come in, covered the pst"
S106418,client_requested,client requested deep clean before the audit - approved
S104318,relief_no_show,double shift bc relief never pitched..
S103038,client_requested,"client asked us to stay for the delivery, ok'd by centre mgmt !"
S101593,relief_no_show,"next shift akafikanga, ngihlale kuze kube 06h00"
S108484,nothing_useful,fine
S102184,client_requested,"client wanted extra man on the gate for the event, approved"
S103827,late_handover,"handover late again, keys missing"
S102641,nothing_useful,ok
S106425,client_requested,Client asked for extra patrol after the break-in Tuesday
S106887,relief_no_show,relief no show AGAIN
S106310,stood_in_unspecified,stood in for botha
S103769,colleague_sick_or_leave,Covering for Molefe - booked off sick !
S109125,equipment_failure,"buffer machine kaput, did the floor by hand"
S105330,nothing_useful,all quiet
S105128,late_handover,"oorhandiging was laat, gewag vir sleutels"
S103548,client_requested,"requested by centre management for load in, signed off"
S107828,equipment_failure,"scrubbr broke dwon, had to do the floor manually"
S107360,colleague_sick_or_leave,NDLOVU OFF SICK. AGN. COVERED.
S100250,relief_no_show,"relief onnly arrived sixx, styed until then"
S105607,equipment_failure,"gate motor failed, manned it by hand till 0600.."
S104909,client_requested,Client asked for extra patrol after the break-in Tuesday
S105715,colleague_no_show,"jacobs absent, took her rounds as well"
S108256,client_requested,"extra patrol per client email, approved by office"
S107025,nothing_useful,as per normal
S107860,client_requested,Client requested deep clean before the audit - approved
S108314,nothing_useful,no issues on site
S101579,late_handover,"handover late agin, kys missing"
S102325,nothing_useful,no issues on site
S100961,nothing_useful,akukho lutho
S103659,client_requested,"requested by centre management for load in, signed off"
S107788,equipment_failure,"generator fault, stayed to monitor"
S106525,colleague_sick_or_leave,Naidoo off sick. agn. covered.
S100335,client_requested,"stocktake ran over, client asked us to remain, they know they pay for it !"
S107697,relief_no_show,"next shift akafikanga, ngihlale kuze kube 06h00.."
S101797,colleague_sick_or_leave,"double duty today, Baloi on family responsibility leave"
S101653,client_requested,"client wanted extra man on the gate for the event, approved"
S104126,stood_in_unspecified,"took ngcobo shift as well, 2 posts 1 guard !"
S104313,relief_no_show,client signde for the extra hours but real reaon is relief no show agn
S105082,client_requested,Centre mgr requested additional cover for stocktake
S107328,colleague_sick_or_leave,Ngcobo off sick. agn. covered.
S100559,equipment_failure,"scrubber broke down, had to do the floor manually"
S107027,colleague_sick_or_leave,"worked through, Botha at the clinic"
S100512,client_requested,extra houurs approvved by client for the event setup
S108843,relief_no_show,"relief only arrived 0600, stayed until then"
S102407,late_handover,"waited 25 min for handover, OB book not signed"
S103766,colleague_no_show,"Baloyi absent, toook her rounds as well !"
S100247,equipment_failure,"gate motor failed, manned it by hand till 6.."
S107594,colleague_sick_or_leave,"gedek vir Mthembu, siek gemeld"
S107463,equipment_failure,"masjien is stukkend, alles met die hnd gedoen.."
S105085,colleague_no_show,"covering Motaung pst, no show no call"
S108449,relief_no_show,"STILL ON SITE, RELIEF WAS SUPPOSE TO COME 6AM"
S100638,colleague_no_show,"covering Molefe post, no show no call"
S108375,client_requested,Client requested deep clean before the audit - approved
S103818,stood_in_unspecified,stood in for Hendricks
S103385,colleague_sick_or_leave,adams off sick. agn. covered.
S109204,late_handover,shift handover delayed by 40 min
S100519,nothing_useful,quiet shift
S100263,equipment_failure,"machhine down agnn, took twice as long"
S105110,client_requested,"requested by centre management for load in, signed off"
S102851,colleague_no_show,"Fourie didnt come in, covered the post"
S101066,client_requested,Client requested deep clean beefore the audit - approved
S109119,relief_no_show,"next shift akafikanga, ngihlale kuze kube 0600.."
S102485,colleague_no_show,"covering Mahlnagu post, no show no call.."
S106307,late_handover,"oorhandiging was laat, gewag vir sleutles"
S104640,late_handover,"late handover, waitng on paperwork"
S108060,relief_no_show,Next shift guard did not pitch. Had to cover.
S101897,equipment_failure,"generator fault, stayed to monitor"
S103510,nothing_useful,akukho lutho
S100721,late_handover,"oorhandiging was laat, gewag vir slutels"
S109244,colleague_no_show,"covering dlamini post, no show no call"
S106524,client_requested,"stocktake ran over, client asked us to remain, they know they pay for it"
S104048,colleague_no_show,"Botha didnt come in, covered the post.."
S106279,client_requested,Client asked for extra patrol after the break-in Tuesday
S100658,nothing_useful,quiet shift
S109007,nothing_useful,-
S106677,client_requested,"client wanted extra man on the gate for the eent, approved"
S100303,nothing_useful,sharp
S104262,client_requested,klient het ekstra ure gevra vir stocktakke
S104829,nothing_useful,.
S103758,client_requested,extra hours approved by client for the event setup
S108053,colleague_no_show,"uMotaung akezanga namhlanje, ngimele yena"
S100287,nothing_useful,.
S105435,late_handover,"waited 25 min for handover, ob book not signed"
S108377,client_requested,extra hours approved by client for the event setup
S100543,equipment_failure,"gate motor failed, manned it by hand till 0600.."
S106048,client_requested,"stocktake ran over, client asked us to remain, they know thy pay for it"
S106627,client_requested,extra hrs approved by client for the evetn setup !
S104317,equipment_failure,"machine down again, took twice as long"
S100585,client_requested,extra hrs approved by client for the event setup
S103322,client_requested,"clent asked us to stay for the delivery, ok'd by centre mgmt"
S107281,client_requested,Client asked for extra patrol after the break-in Tuesday..
S101613,nothing_useful,no issues on site
S105263,late_handover,"oorhandiging was laat, gewag vir sleutels.."
S104844,colleague_sick_or_leave,"double duty today, Baloyi on family responsibility leave"
S109257,colleague_no_show,"UDLAMINI AKEZANGA NAMHLANJE, NGIMELE YENA.."
S101852,client_requested,"stocktake ran over, client asked us to remain, they know they pay for it"
S107993,relief_no_show,no relief. stayed. soemone must please sort the roster
S101673,nothing_useful,quiet shift
S100900,relief_no_show,no relief. stayed. someone must pls sort the roster
S104782,stood_in_unspecified,"took Sibiya shift as well, 2 posts 1 guard !"
S100369,relief_no_show,"control room says relief coming, nobody came"
S107249,client_requested,client requested deep clean before the audit - approved
S100812,client_requested,"client asked us to stay for the delivery, ok'd by centre mgmt !"
S105004,colleague_no_show,"Maluleke didnt come in, covered the pot.."
S108127,nothing_useful,.
S104866,late_handover,"late handover, waiting on paperwork"
S104565,equipment_failure,"masjien is stukkend, alles met die hand gedoen.."
S103823,stood_in_unspecified,STOOD IN FOR BALOYI
S100337,client_requested,Centre mgr requested additional cover for stocktake
S102380,client_requested,Client requested deep clean before the audit - approved
S108008,client_requested,Client requested deep claen before the audit - approved
S108054,relief_no_show,CLIENT SIGNED FOR THE EXTRA HRS BUT REAL REASON IS RELIEF NO SHOW AGAIN
S105116,nothing_useful,
S107505,client_requested,"stocktake ran over, client asked us to remain, they know they pay for it"
S104470,nothing_useful,sharp
S103327,client_requested,"EXTRA PATROL PER CLIENT EMAIL, APPROVED BY OFFICE"
S106369,late_handover,"handover late agn, keys missing"
S104425,relief_no_show,Next shift guard did not pitch. Had to cover.
S106790,nothing_useful,as per normal
S101341,late_handover,"oorhandiging was laat, gewag vir sleutels"
S105660,colleague_no_show,"covering Adams post, no show no call"
S103413,nothing_useful,-
S108598,relief_no_show,double shift becaue relief never pitched
S101586,equipment_failure,"scrubber broke down, had to do the floor manually"
S103803,colleague_no_show,"Motaung absent, took her rounds as well"
S108867,relief_no_show,"still on site, relief was suppose to come 06:00"
S107569,colleague_sick_or_leave,Baloyi off sick. again. covered.
S107801,nothing_useful,akukho lutho
S109139,colleague_sick_or_leave,Baloyi off sick. agn. covered.
S100883,relief_no_show,Next shift guard did not pitch. Had to cover.
S105070,equipment_failure,"machine down agn, took twice as long.."
S106909,relief_no_show,"relief never arrived, stayed on till 0600"
S104559,client_requested,"extra patrol per client email, apprved by office"
S108156,client_requested,"client asked us to stay for the delivery, ok'd by centre mgmt"
S106567,colleague_no_show,"uZuulu akezanga namhlanje, ngimele yena"
S108365,equipment_failure,"scrubber broke down, had to do the floor manually"
S106218,colleague_no_show,"covering Naido post, no show no call"
S101683,colleague_sick_or_leave,covering for khumalo - booked off sick
S104118,nothing_useful,ntr
S105077,stood_in_unspecified,Covered for Mokoena agaiin - 3rd time this month
S104723,nothing_useful,ok
S104246,colleague_sick_or_leave,covering for dlamini - booked off sick
S102918,relief_no_show,"control room says relief coming, nobody came"
S103872,nothing_useful,.
S108608,colleague_sick_or_leave,"worked through, botha at the clinic"
S104021,colleague_no_show,"umahlangu akezanga namhlanje, ngimele yena"
S100496,nothing_useful,n/a
S108206,colleague_sick_or_leave,September off sick. again. covered.
S104343,colleague_sick_or_leave,"worked through, Dlamini at the clinic"
S105740,nothing_useful,nothing to report
S108052,nothing_useful,.
S101602,client_requested,"extra patrol per client email, approved by office"
S100080,nothing_useful,sharp
S102635,colleague_no_show,"covering Hendricks post, no sow no call.."
S100562,stood_in_unspecified,stood in for Sibiya
S104070,nothing_useful,
S108355,equipment_failure,"gate motor failled, manned it by hand till 06:00"
S100623,nothing_useful,no issues on site
S106964,relief_no_show,"next shift akafikanga, ngihlale kuze kube 6"
S101119,client_requested,"requested by centre management for load in, signed off"
S103645,equipment_failure,"masjien is stukkend, alles met die hand gedoen"
S106135,relief_no_show,client signed for the extra hrs but real reason is relief no show agn
S108455,client_requested,client asked for extra patrol after the break-in tuesday
S102759,nothing_useful,ok
S105779,nothing_useful,n/a
S105906,colleague_sick_or_leave,"double duty today, Adams on family responsibility leave"
S107067,client_requested,"ADDITIONAL COVER REQUESTED BY SIITE MANAGER, SIGNED OFF !"
S103580,client_requested,"requested by centre management for load in, signed off"
S100556,client_requested,Client requested deep clean before the audit - approved
S107252,colleague_no_show,"covering mabaso post, no show no call !"
S101765,nothing_useful,all good
S101796,client_requested,extra hours approved by client for the event setup
S102693,colleague_sick_or_leave,Sithoel off sick. again. covered.
S101519,client_requested,"stocktake ran over, client asked us to remain, they know they pay for it"
S107164,client_requested,"stocktake ran over, client ased us to remain, they know they pay for it"
S108036,client_requested,"client asked us to stay for the delivery, ok'd by centre mgmt.."
S109315,equipment_failure,"machine down agn, took twice as long"
S103762,colleague_no_show,"Ngcobo didnt come in, covered the post"
S100709,client_requested,"client asked us to stay for the delivery, ok'd by centre mgmt"
S105296,client_unconfirmed,"client says stay till six, dont knwo if office approved"
S101569,equipment_failure,"generator fault, stayed to monitor.."
S105347,nothing_useful,ntr
S103252,client_requested,client asked for extra patrol after the breaki-n tuesday !
S101449,nothing_useful,-
S100550,stood_in_unspecified,"tok Ndlovu shift as well, 2 posts 1 guard"
S108961,nothing_useful,ntr
S106637,colleague_no_show,"covering motaung post, no show no call"
S104009,stood_in_unspecified,"took Manuel shift as well, 2 posts 1 guard.."
S103027,colleague_sick_or_leave,"gedek vir Mthembu, siek gemeld"
S106515,relief_no_show,"aflos het nie opgedaag nie, mes aanbly"
S106388,relief_no_show,no relief. stayed. someone must please sort the roster
S100356,equipment_failure,"scrubber broke down, had to do the floor manually"
S107006,client_requested,"clieent asked us to stay for the delivery, ok'd by centre mgmt"
S100645,relief_no_show,double shift bc releif never pitched
S102980,colleague_sick_or_leave,Sithole off sick. agn. covered.
S102720,nothing_useful,ntr
S104617,client_requested,"client wanted extra man on the gate for the event, approved"
S101508,equipment_failure,"BFUFER MACHINE KAPUT, DID THE FLOOR BY HAND"
S106544,colleague_sick_or_leave,"double duty today, Molefe on family responsibillity leave"
S108184,colleague_sick_or_leave,"gedek vir Tshabalala, siek gemeld"
S101615,relief_no_show,"control room says relief coming, nobody came"
S107722,nothing_useful,as per normal
S104547,late_handover,"waited 25 min for handover, OB book not signed"
S103554,late_handover,"oorhandiging was laat, gewag vir sleutels"
S100703,client_requested,"additional cover requested by site mgr, signed off"
S109320,client_requested,centre managger requested additoinal coevr for stocktake
S102163,colleague_no_show,"Hendricks didnt come in, covered the psot"
S102922,client_requested,"requested by centre management for load in, siged off"
S101063,late_handover,"handover late agn, keys missing"
S107410,client_requested,"stocktake ran over, client asked us to remain, they know they pay for it"
S107063,stood_in_unspecified,stood in for molefe
S100720,colleague_sick_or_leave,Wyk off sick. again. covered.
S103641,client_unconfirmed,"client says stay till 0600, dont know if office approoved.."
S101110,client_requested,extra hrs approved by client for the event settup
S100472,nothing_useful,quiet shift
S104332,relief_no_show,"next shift akafikanga, ngihlale kuze kube 6"
S103216,late_handover,"waited 50 min for handover, ob book not signed"
S102518,relief_no_show,DOUBLE SHIFT BECAUSE RELIEF NEVER PITCHED
S100338,client_requested,"client wanted extra man on the gate for the event, approved"
S105613,client_requested,"client wanted extra man on the gate for the event, approved"
S103748,relief_no_show,Next shift guard did not pitch. Had to cover.
S109340,stood_in_unspecified,stood in for nkosi
S108023,stood_in_unspecified,covered for september again - 3rd time this month
S107298,colleague_sick_or_leave,"double duty today, naidoo on fammily responsibility leave.."
S103767,client_requested,CLIENT REQUESTED DEEP CLEAN BEFORE THE AUDIT - APPROVED
S104346,client_requested,"stocktake ran over, client asked us to remain, they know they pay for it"
S105195,colleague_sick_or_leave,"gedek vir Baloyi, siek gemeld"
S100144,relief_no_show,Next shift guard did not pitch. Had to cover.
S105423,colleague_sick_or_leave,"worked through, nkosi at the clinic"
S105333,stood_in_unspecified,"took Adams shift as well, 2 posts 1 guard"
S107610,nothing_useful,ok
S107767,relief_no_show,"waited for relief, nobody came througgh"
S107972,client_requested,"client asked us to stay for the delivery, okd' by centre mgmt"
S107177,client_requested,"client asked us to stay for the delivery, okd' by centre mgmt"
S109105,equipment_failure,"masjien is stukkend, alles met die hand gedoen"
S100969,nothing_useful,all fine
S105370,colleague_no_show,"covering Ndlovu post, no show no call !"
S106526,nothing_useful,no incidents
S103981,equipment_failure,"buffer machine kaput, did the floor by hand"
S109295,client_requested,"extra patrol per client email, approved by office"
S102075,colleague_sick_or_leave,mabaso off sick. agn. covered..
S102160,client_requested,klient het ektra ure gevra vir stocktake
S104074,equipment_failure,"scrubber broke down, had to do the floor manually"
S100166,equipment_failure,"buffer machine kaput, did the floor by hand"
S102535,nothing_useful,quiet shift
S105844,client_requested,"client asked us to stay for the delivery, ok'd by centre mgmt.."
S100735,client_requested,"requested by centre management for load in, signed off"
S105683,client_requested,klient het ekstra ure gevra vir stocktake
S107998,relief_no_show,"control room says relief coming, nobody came.."
S100574,colleague_sick_or_leave,covering for ngcobo - booked off sick
S103505,colleague_sick_or_leave,Covering for Mavuso - booked off sick
S104752,nothing_useful,.
S100876,colleague_sick_or_leave,"worked through, Mavuso at the clinic"
S102156,client_requested,kliennt het ekstra ure gevra vir stocktake
S106609,late_handover,shift handover delayed by 25 min
S103588,late_handover,"late handover, waiting on paperwork"
S101813,nothing_useful,ntr
S106469,client_requested,CENTRE MANAGER REQUESTED ADDITIONAL COVER FOR STOCKTAKE
S101115,relief_no_show,"control room says relief coming, nobody came"
S108703,equipment_failure,"scrubber broke down, had to do the floor manually"
